{
  "_comment": "Weapons Database - Baltic Approaches Weapons Statistics",
  "_version": "1.0.0",
  "_created": "2025-11-18",
  "_description": "Complete weapons specifications including guns and missiles with BVR capabilities for Baltic Approaches module. Depletion values are stored per aircraft, not here.",
  
  "guns": {
    "20mm Gun": {
      "name": "20mm Gun",
      "nation": "US",
      "class": "Gun",
      "stdRtg": 3,
      "bvrRtg": null,
      "bvrRanges": null
    },
    "25mm Gun": {
      "name": "25mm Gun",
      "nation": "US",
      "class": "Gun",
      "stdRtg": 3,
      "bvrRtg": null,
      "bvrRanges": null
    },
    "27mm Gun": {
      "name": "27mm Gun",
      "nation": "UK/FRG",
      "class": "Gun",
      "stdRtg": 3,
      "bvrRtg": null,
      "bvrRanges": null
    },
    "30mm Gun": {
      "name": "30mm Gun",
      "nation": "UK/SE",
      "class": "Gun",
      "stdRtg": 4,
      "bvrRtg": null,
      "bvrRanges": null
    },
    "23mm Gun": {
      "name": "23mm Gun",
      "nation": "USSR/POL",
      "class": "Gun",
      "stdRtg": 2,
      "bvrRtg": null,
      "bvrRanges": null
    },
    "23mm Pod": {
      "name": "23mm Pod",
      "nation": "POL",
      "class": "Gun",
      "stdRtg": 1,
      "bvrRtg": null,
      "bvrRanges": null,
      "comment": "Roll to determine IRM load for each flight: 1-6 Pod, 7-10 no Pod"
    },
    "30mm Soviet": {
      "name": "30mm Soviet",
      "nation": "USSR/POL",
      "class": "Gun",
      "stdRtg": 3,
      "bvrRtg": null,
      "bvrRanges": null
    },
    "Rear Gun": {
      "name": "Rear Gun",
      "nation": "Various",
      "class": "Gun",
      "stdRtg": 3,
      "bvrRtg": null,
      "bvrRanges": null,
      "comment": "Rear-facing defensive gun"
    }
  },
  
  "missiles": {
    "AIM-9L": {
      "name": "AIM-9L",
      "nation": "US/NATO",
      "class": "IRM",
      "stdRtg": 3,
      "bvrRtg": 1,
      "bvrRanges": {
        "forward": { "min": 1, "max": 1 },
        "beam": null,
        "rear": { "min": 1, "max": 1 }
      }
    },
    "AIM-9M": {
      "name": "AIM-9M",
      "nation": "US",
      "class": "IRM",
      "stdRtg": 3,
      "bvrRtg": 1,
      "bvrRanges": {
        "forward": { "min": 1, "max": 2 },
        "beam": null,
        "rear": { "min": 1, "max": 1 }
      }
    },
    "AIM-9P": {
      "name": "AIM-9P",
      "nation": "SE",
      "class": "IRM",
      "stdRtg": 3,
      "bvrRtg": 1,
      "bvrRanges": {
        "forward": { "min": 1, "max": 1 },
        "beam": null,
        "rear": { "min": 1, "max": 1 }
      }
    },
    "AIM-9N": {
      "name": "AIM-9N",
      "nation": "DK",
      "class": "IRM",
      "stdRtg": 3,
      "bvrRtg": 1,
      "bvrRanges": {
        "forward": { "min": 1, "max": 1 },
        "beam": null,
        "rear": { "min": 1, "max": 1 }
      }
    },
    "AIM-4F": {
      "name": "AIM-4F",
      "nation": "SE",
      "class": "IRM",
      "stdRtg": 3,
      "bvrRtg": 1,
      "bvrRanges": {
        "forward": { "min": 1, "max": 1 },
        "beam": null,
        "rear": { "min": 1, "max": 1 }
      }
    },
    "AIM-7M": {
      "name": "AIM-7M",
      "nation": "US",
      "class": "RHM",
      "stdRtg": 3,
      "bvrRtg": 2,
      "bvrRanges": {
        "forward": { "min": 1, "max": 3 },
        "beam": { "min": 2, "max": 3 },
        "rear": { "min": 2, "max": 3 }
      }
    },
    "AIM-54C": {
      "name": "AIM-54C Phoenix",
      "nation": "US",
      "class": "RHM",
      "stdRtg": "+1",
      "bvrRtg": 0,
      "bvrRanges": {
        "forward": { "min": 2, "max": 18 },
        "beam": { "min": 2, "max": 9 },
        "rear": { "min": 2, "max": 3 }
      },
      "comment": "Treat as 27mm for Strafe [17.33]"
    },
    "Skyflash": {
      "name": "Skyflash",
      "nation": "UK/SE",
      "class": "RHM",
      "stdRtg": 3,
      "bvrRtg": 2,
      "bvrRanges": {
        "forward": { "min": 1, "max": 3 },
        "beam": { "min": 2, "max": 3 },
        "rear": { "min": 2, "max": 3 }
      }
    },
    "R-13M": {
      "name": "R-13M (AA-2D)",
      "nation": "POL",
      "class": "IRM",
      "stdRtg": 0,
      "bvrRtg": null,
      "bvrRanges": null
    },
    "R-60": {
      "name": "R-60 (AA-8A)",
      "nation": "USSR/POL",
      "class": "IRM",
      "stdRtg": 1,
      "bvrRtg": null,
      "bvrRanges": null
    },
    "R-3R": {
      "name": "R-3R (AA-2C)",
      "nation": "POL",
      "class": "RHM",
      "stdRtg": 0,
      "bvrRtg": -1,
      "bvrRanges": {
        "forward": { "min": 1, "max": 2 },
        "beam": { "min": 1, "max": 1 },
        "rear": null
      }
    },
    "R-23": {
      "name": "R-23 (AA-7A)",
      "nation": "POL",
      "class": "RHM",
      "stdRtg": 2,
      "bvrRtg": -1,
      "bvrRanges": {
        "forward": { "min": 1, "max": 4 },
        "beam": { "min": 1, "max": 2 },
        "rear": { "min": 1, "max": 1 }
      }
    }
  },
  
  "ordnance": {
    "EOGM": {
      "name": "Electro-Optical Guided Missile",
      "nation": "US/USSR",
      "type": "AGM",
      "description": "Maverick-type precision air-to-ground missile"
    },
    "EOGM(F)": {
      "name": "Electro-Optical Guided Missile (Fast)",
      "nation": "USSR",
      "type": "AGM",
      "description": "Fast variant of EOGM"
    },
    "EOGB": {
      "name": "Electro-Optical Guided Bomb",
      "nation": "US",
      "type": "PGM",
      "description": "TV-guided bomb with terminal guidance"
    },
    "LGB": {
      "name": "Laser-Guided Bomb",
      "nation": "US/UK",
      "type": "PGM",
      "description": "Precision guided bomb requiring laser designation"
    },
    "Harpoon": {
      "name": "AGM-84 Harpoon",
      "nation": "US",
      "type": "ASM",
      "description": "Anti-ship missile"
    },
    "Sea Eagle": {
      "name": "Sea Eagle",
      "nation": "UK",
      "type": "ASM",
      "description": "British anti-ship missile"
    },
    "AS.37": {
      "name": "AS.37 Martel",
      "nation": "UK",
      "type": "ASM",
      "description": "Anti-ship/anti-radar missile"
    },
    "Kormoran": {
      "name": "Kormoran",
      "nation": "FRG",
      "type": "ASM",
      "description": "German anti-ship missile"
    },
    "RB.04E": {
      "name": "RB.04E",
      "nation": "SE",
      "type": "ASM",
      "description": "Swedish anti-ship missile"
    },
    "AS-4": {
      "name": "AS-4 Kitchen",
      "nation": "USSR",
      "type": "ASM",
      "description": "Long-range supersonic anti-ship missile"
    },
    "Kh-25AP": {
      "name": "Kh-25AP",
      "nation": "USSR",
      "type": "ARM",
      "description": "Anti-radiation missile for SEAD"
    },
    "Chaff": {
      "name": "Chaff",
      "nation": "Various",
      "type": "Defensive",
      "description": "Radar countermeasure dispenser"
    },
    "Rockets": {
      "name": "Rockets",
      "nation": "Various",
      "type": "Unguided",
      "description": "Unguided rocket pods"
    }
  },
  
  "aircraftNotes": {
    "A": {
      "code": "A",
      "description": "Use same bomb point load for Deep Strike and Naval Strike raids",
      "type": "loadoutModification"
    },
    "B": {
      "code": "B",
      "description": "May Spot Jam [11.34] two radars at the same time",
      "type": "special"
    },
    "C": {
      "code": "C",
      "description": "May enter Defensive Wheel formation [7.1]",
      "type": "formation"
    },
    "D": {
      "code": "D",
      "description": "If tasked with Escort Jamming [8.341] may carry HARMs [17.54] and attack naval or land radars",
      "type": "weaponModification"
    },
    "E": {
      "code": "E",
      "description": "V/STOL aircraft [7.37]",
      "type": "special"
    },
    "F": {
      "code": "F",
      "description": "Zoom Climb [8.43] not allowed",
      "type": "restriction"
    },
    "G": {
      "code": "G",
      "description": "May do Max Turns as Free Turns [8.32]",
      "type": "maneuver"
    },
    "H": {
      "code": "H",
      "description": "A/V -1: If tasked with Bombing, SEAD, Recon, or Rescue Support",
      "type": "modifier"
    },
    "I": {
      "code": "I",
      "description": "Flt: May carry AIM-7 and AIM-54 RAAM at the same time",
      "type": "weaponModification"
    },
    "J": {
      "code": "J",
      "description": "If tasked with Maritime Patrol, may carry Harpoon and attack naval targets",
      "type": "weaponModification"
    },
    "K": {
      "code": "K",
      "description": "If tasked with Recon, missile load is AIM-9L (6), AIM-7M (3)",
      "type": "loadoutModification"
    },
    "L": {
      "code": "L",
      "description": "AAX-1 sensor: Automatic visual ID at end of Detection Phase of one die detected enemy flight in forward arc, line of sight, and same altitude as 1-8 hex range. Day only",
      "type": "sensor"
    },
    "M": {
      "code": "M",
      "description": "Large Aircraft [19.22] (see B-40 Climbing limitations) and Poor SAM Defense [15.32]",
      "type": "special"
    }
  },
  
  "standoffJamming": {
    "EA-6B": {
      "aircraft": "EA-6B Prowler",
      "strength": "11 / 23 / 45",
      "notes": "Jamming Strength [9.21]"
    },
    "J-32E": {
      "aircraft": "J-32E Lansen",
      "strength": "7 / 14 / 28",
      "notes": "Jamming Strength [9.21]"
    }
  }
}
