{
  "_Comment": "Baltic Approaches NATO naval unit data",
  "_version": "1.0.0",
  "_created": "2026-01-24",
  "_description": "Naval unit specifications for Baltic Approaches NATO forces.",
  "O.H. Perry (FFG)": {
    "Nation": "USA",
    "Dmg": 16,
    "Size": "M",
    "Tgt": "A",
    "EW": "C",
    "EWR": "SPS-49 [40/20/8]",
    "SAM": "SM-1MR (18)",
    "Shots": null,
    "LOAL": "L",
    "Acq": 15,
    "Atk": 8,
    "Min": 1,
    "Long": "7-8",
    "D": "0",
    "L": "+1",
    "M": "+1",
    "H": "0",
    "V": "-2",
    "AAA": {
      "AAA1": "Radar AAA (M)",
      "AAA2": "Close Defense (4)"
    },
    "capabilities": {
      "SSM": "Harpoon",
      "Ammo": 4,
      "Helo": "Helo"
    },
    "Notes": "C, D"
  },
  "Knox (FF)": {
    "Nation": "USA",
    "Dmg": 15,
    "Size": "M",
    "Tgt": "A",
    "EW": "B",
    "EWR": "SPS-40 [30/15/8]",
    "SAM": null,
    "Shots": null,
    "LOAL": null,
    "Acq": null,
    "Atk": null,
    "Min": null,
    "Long": null,
    "D": null,
    "L": null,
    "M": null,
    "H": null,
    "V": null,
    "AAA": {
      "AAA1": "Radar AAA (H)",
      "AAA2": "Close Defense (4)"
    },
    "capabilities": {
      "SSM": "Harpoon",
      "Ammo": 2,
      "Helo": "Helo"
    },
    "Notes": null
  },
  "Minesweeper (MS)": {
    "Nation": "All",
    "Dmg": 3,
    "Size": "S",
    "Tgt": "F",
    "EW": null,
    "EWR": null,
    "SAM": null,
    "Shots": null,
    "LOAL": null,
    "Acq": null,
    "Atk": null,
    "Min": null,
    "Long": null,
    "D": null,
    "L": null,
    "M": null,
    "H": null,
    "V": null,
    "AAA": {
      "AAA1": "Light AAA",
      "AAA2": null
    },
    "capabilities": {
      "SSM": null,
      "Ammo": null,
      "Helo": null
    },
    "Notes": "B"
  },
  "Cargo (MV)": {
    "Nation": "All",
    "Dmg": 24,
    "Size": "L",
    "Tgt": "G",
    "EW": null,
    "EWR": null,
    "SAM": null,
    "Shots": null,
    "LOAL": null,
    "Acq": null,
    "Atk": null,
    "Min": null,
    "Long": null,
    "D": null,
    "L": null,
    "M": null,
    "H": null,
    "V": null,
    "AAA": {
      "AAA1": null,
      "AAA2": null
    },
    "capabilities": {
      "SSM": null,
      "Ammo": null,
      "Helo": null
    },
    "Notes": null
  },
  "Niels Juel (FFL)": {
    "Nation": "DK",
    "Dmg": 6,
    "Size": "S",
    "Tgt": "A",
    "EW": "B",
    "EWR": "AWS-5 [20/10/8]",
    "SAM": "RIM-7M (40)",
    "Shots": null,
    "LOAL": "L",
    "Acq": 6,
    "Atk": 4,
    "Min": 0,
    "Long": "4",
    "D": "+1",
    "L": "0",
    "M": "-1",
    "H": "NA",
    "V": "NA",
    "AAA": {
      "AAA1": "Radar AAA (M)",
      "AAA2": null
    },
    "capabilities": {
      "SSM": "Harpoon",
      "Ammo": 8,
      "Helo": null
    },
    "Notes": "D"
  },
  "Peder Skram (FFG)": {
    "Nation": "DK",
    "Dmg": 13,
    "Size": "M",
    "Tgt": "A",
    "EW": "B",
    "EWR": "SA-G29 [34/20/8]",
    "SAM": "RIM-7M (16)",
    "Shots": 4,
    "LOAL": "L",
    "Acq": 6,
    "Atk": 4,
    "Min": 0,
    "Long": "4",
    "D": "+1",
    "L": "0",
    "M": "-1",
    "H": "NA",
    "V": "NA",
    "AAA": {
      "AAA1": "Radar AAA (H)",
      "AAA2": "Light AAA"
    },
    "capabilities": {
      "SSM": "Harpoon",
      "Ammo": 8,
      "Helo": null
    },
    "Notes": "D"
  },
  "Willemoes (PCM)": {
    "Nation": "DK",
    "Dmg": 3,
    "Size": "S",
    "Tgt": "E",
    "EW": "B",
    "EWR": null,
    "SAM": null,
    "Shots": null,
    "LOAL": null,
    "Acq": null,
    "Atk": null,
    "Min": null,
    "Long": null,
    "D": null,
    "L": null,
    "M": null,
    "H": null,
    "V": null,
    "AAA": {
      "AAA1": "Radar AAA (M)",
      "AAA2": null
    },
    "capabilities": {
      "SSM": "Harpoon",
      "Ammo": 4,
      "Helo": null
    },
    "Notes": null
  },
  "Falster (ML)": {
    "Nation": "DK",
    "Dmg": 6,
    "Size": "M",
    "Tgt": "F",
    "EW": "B",
    "EWR": null,
    "SAM": null,
    "Shots": null,
    "LOAL": null,
    "Acq": null,
    "Atk": null,
    "Min": null,
    "Long": null,
    "D": null,
    "L": null,
    "M": null,
    "H": null,
    "V": null,
    "AAA": {
      "AAA1": "Radar AAA (M)",
      "AAA2": "Light AAA"
    },
    "capabilities": {
      "SSM": "Minelaying",
      "Ammo": null,
      "Helo": null
    },
    "Notes": null
  },
  "Lindormen (ML)": {
    "Nation": "DK",
    "Dmg": 3,
    "Size": "S",
    "Tgt": "F",
    "EW": "A",
    "EWR": null,
    "SAM": null,
    "Shots": null,
    "LOAL": null,
    "Acq": null,
    "Atk": null,
    "Min": null,
    "Long": null,
    "D": null,
    "L": null,
    "M": null,
    "H": null,
    "V": null,
    "AAA": {
      "AAA1": "Light AAA",
      "AAA2": null
    },
    "capabilities": {
      "SSM": "Minelaying",
      "Ammo": null,
      "Helo": null
    },
    "Notes": null
  },
  "Lütjens (DDG)": {
    "Nation": "FRG",
    "Dmg": 16,
    "Size": "M",
    "Tgt": "A",
    "EW": "C",
    "EWR": "SPS-40 [36/18/8]",
    "SAM": "SM-1MR",
    "Shots": 18,
    "LOAL": "L",
    "Acq": 15,
    "Atk": 8,
    "Min": 1,
    "Long": "7-8",
    "D": "0",
    "L": "+1",
    "M": "+1",
    "H": "0",
    "V": "-2",
    "AAA": {
      "AAA1": "Radar AAA (H)",
      "AAA2": "Light AAA"
    },
    "capabilities": {
      "SSM": "Harpoon",
      "Ammo": 4,
      "Helo": null
    },
    "Notes": "C, D"
  },
  "Hamburg (DDG)": {
    "Nation": "FRG",
    "Dmg": 16,
    "Size": "M",
    "Tgt": "C",
    "EW": "A",
    "EWR": "LW.04 [36/18/8]",
    "SAM": null,
    "Shots": null,
    "LOAL": null,
    "Acq": null,
    "Atk": null,
    "Min": null,
    "Long": null,
    "D": null,
    "L": null,
    "M": null,
    "H": null,
    "V": null,
    "AAA": {
      "AAA1": "Radar AAA (H)",
      "AAA2": "Light AAA"
    },
    "capabilities": {
      "SSM": "Exocet",
      "Ammo": 4,
      "Helo": null
    },
    "Notes": null
  },
  "Bremen (FFG)": {
    "Nation": "FRG",
    "Dmg": 14,
    "Size": "M",
    "Tgt": "A",
    "EW": "C",
    "EWR": "DA-08 [32/16/8]",
    "SAM": "RIM-7M",
    "Shots": 4,
    "LOAL": "L",
    "Acq": 6,
    "Atk": 4,
    "Min": 0,
    "Long": "4",
    "D": "+1",
    "L": "0",
    "M": "-1",
    "H": "NA",
    "V": "NA",
    "AAA": {
      "AAA1": "Radar AAA (M)",
      "AAA2": null
    },
    "capabilities": {
      "SSM": "Harpoon",
      "Ammo": 8,
      "Helo": "Helo"
    },
    "Notes": "D"
  },
  "Koln (FF)": {
    "Nation": "FRG",
    "Dmg": 12,
    "Size": "M",
    "Tgt": "D",
    "EW": "A",
    "EWR": "ZW.01 [12/6/6]",
    "SAM": null,
    "Shots": null,
    "LOAL": null,
    "Acq": null,
    "Atk": null,
    "Min": null,
    "Long": null,
    "D": null,
    "L": null,
    "M": null,
    "H": null,
    "V": null,
    "AAA": {
      "AAA1": "Radar AAA (H)",
      "AAA2": "Med AAA"
    },
    "capabilities": {
      "SSM": null,
      "Ammo": null,
      "Helo": null
    },
    "Notes": null
  },
  "Thetis (FFL)": {
    "Nation": "FRG",
    "Dmg": 6,
    "Size": "S",
    "Tgt": "F",
    "EW": null,
    "EWR": null,
    "SAM": null,
    "Shots": null,
    "LOAL": null,
    "Acq": null,
    "Atk": null,
    "Min": null,
    "Long": null,
    "D": null,
    "L": null,
    "M": null,
    "H": null,
    "V": null,
    "AAA": {
      "AAA1": "Light AAA",
      "AAA2": null
    },
    "capabilities": {
      "SSM": null,
      "Ammo": null,
      "Helo": null
    },
    "Notes": null
  },
  "Sachsenwald (ML)": {
    "Nation": "FRG",
    "Dmg": 12,
    "Size": "M",
    "Tgt": "F",
    "EW": null,
    "EWR": null,
    "SAM": null,
    "Shots": null,
    "LOAL": null,
    "Acq": null,
    "Atk": null,
    "Min": null,
    "Long": null,
    "D": null,
    "L": null,
    "M": null,
    "H": null,
    "V": null,
    "AAA": {
      "AAA1": "Light AAA",
      "AAA2": null
    },
    "capabilities": {
      "SSM": "Minelaying",
      "Ammo": null,
      "Helo": null
    },
    "Notes": null
  },
  "Gepard (PCM)": {
    "Nation": "FRG",
    "Dmg": 3,
    "Size": "S",
    "Tgt": "E",
    "EW": "B",
    "EWR": null,
    "SAM": null,
    "Shots": null,
    "LOAL": null,
    "Acq": null,
    "Atk": null,
    "Min": null,
    "Long": null,
    "D": null,
    "L": null,
    "M": null,
    "H": null,
    "V": null,
    "AAA": {
      "AAA1": "Radar AAA (M)",
      "AAA2": null
    },
    "capabilities": {
      "SSM": "Exocet",
      "Ammo": 4,
      "Helo": null
    },
    "Notes": null
  },
  "Albatros (PCM)": {
    "Nation": "FRG",
    "Dmg": 3,
    "Size": "S",
    "Tgt": "E",
    "EW": "B",
    "EWR": null,
    "SAM": null,
    "Shots": null,
    "LOAL": null,
    "Acq": null,
    "Atk": null,
    "Min": null,
    "Long": null,
    "D": null,
    "L": null,
    "M": null,
    "H": null,
    "V": null,
    "AAA": {
      "AAA1": "Radar AAA (M)",
      "AAA2": null
    },
    "capabilities": {
      "SSM": "Exocet",
      "Ammo": 4,
      "Helo": null
    },
    "Notes": null
  },
  "Tiger (PCM)": {
    "Nation": "FRG",
    "Dmg": 3,
    "Size": "S",
    "Tgt": "E",
    "EW": "B",
    "EWR": null,
    "SAM": null,
    "Shots": null,
    "LOAL": null,
    "Acq": null,
    "Atk": null,
    "Min": null,
    "Long": null,
    "D": null,
    "L": null,
    "M": null,
    "H": null,
    "V": null,
    "AAA": {
      "AAA1": "Radar AAA (M)",
      "AAA2": null
    },
    "capabilities": {
      "SSM": "Exocet",
      "Ammo": 4,
      "Helo": null
    },
    "Notes": null
  },
  "Jacob van H. (FFG)": {
    "Nation": "NE",
    "Dmg": 14,
    "Size": "M",
    "Tgt": "A",
    "EW": "C",
    "EWR": "DA.05 [32/16/8]",
    "SAM": ["SM-1MR", "RIM-7M"],
    "Shots": 20,
    "LOAL": "L",
    "Acq": 15,
    "Atk": 8,
    "Min": 1,
    "Long": "7-8",
    "D": "0",
    "L": "+1",
    "M": "+1",
    "H": "0",
    "V": "-2",
    "AAA": {
      "AAA1": "Light AAA",
      "AAA2": "Close Defense {4}"
    },
    "capabilities": {
      "SSM": "Harpoon",
      "Ammo": 8,
      "Helo": null
    },
    "Notes": "C, D"
  },
  "Kortenaer (FF)": {
    "Nation": "NE",
    "Dmg": 14,
    "Size": "M",
    "Tgt": "A",
    "EW": "B",
    "EWR": "LW.08 [30/15/8]",
    "SAM": "RIM-7M",
    "Shots": 4,
    "LOAL": "L",
    "Acq": 6,
    "Atk": 4,
    "Min": 0,
    "Long": "4",
    "D": "+1",
    "L": "0",
    "M": "-1",
    "H": "NA",
    "V": "NA",
    "AAA": {
      "AAA1": "Radar AAA (M)",
      "AAA2": "Light AAA"
    },
    "capabilities": {
      "SSM": "Harpoon",
      "Ammo": 8,
      "Helo": "Helo"
    },
    "Notes": "D"
  },
  "Stockholm (FFL)": {
    "Nation": "SE",
    "Dmg": 4,
    "Size": "S",
    "Tgt": "C",
    "EW": null,
    "EWR": "SG-50HC [16/8/8]",
    "SAM": null,
    "Shots": null,
    "LOAL": null,
    "Acq": null,
    "Atk": null,
    "Min": null,
    "Long": null,
    "D": null,
    "L": null,
    "M": null,
    "H": null,
    "V": null,
    "AAA": {
      "AAA1": "Radar AAA (M)",
      "AAA2": null
    },
    "capabilities": {
      "SSM": "RBS-15",
      "Ammo": 8,
      "Helo": null
    },
    "Notes": null
  },
  "Norrkoping (PCM)": {
    "Nation": "SE",
    "Dmg": 3,
    "Size": "S",
    "Tgt": "E",
    "EW": "B",
    "EWR": "SG-50HC [16/8/8]",
    "SAM": null,
    "Shots": null,
    "LOAL": null,
    "Acq": null,
    "Atk": null,
    "Min": null,
    "Long": null,
    "D": null,
    "L": null,
    "M": null,
    "H": null,
    "V": null,
    "AAA": {
      "AAA1": "Radar AAA (M)",
      "AAA2": null
    },
    "capabilities": {
      "SSM": "RBS-15",
      "Ammo": 4,
      "Helo": null
    },
    "Notes": null
  },
  "Hugin (PCM)": {
    "Nation": "SE",
    "Dmg": 2,
    "Size": "S",
    "Tgt": "E",
    "EW": null,
    "EWR": null,
    "SAM": null,
    "Shots": null,
    "LOAL": null,
    "Acq": null,
    "Atk": null,
    "Min": null,
    "Long": null,
    "D": null,
    "L": null,
    "M": null,
    "H": null,
    "V": null,
    "AAA": {
      "AAA1": "Light AAA",
      "AAA2": null
    },
    "capabilities": {
      "SSM": "Penguin",
      "Ammo": 4,
      "Helo": null
    },
    "Notes": null
  },
  "Älvsborg (ML)": {
    "Nation": "SE",
    "Dmg": 5,
    "Size": "S",
    "Tgt": "F",
    "EW": null,
    "EWR": null,
    "SAM": null,
    "Shots": null,
    "LOAL": null,
    "Acq": null,
    "Atk": null,
    "Min": null,
    "Long": null,
    "D": null,
    "L": null,
    "M": null,
    "H": null,
    "V": null,
    "AAA": {
      "AAA1": "Light AAA",
      "AAA2": null
    },
    "capabilities": {
      "SSM": "Minelaying",
      "Ammo": null,
      "Helo": null
    },
    "Notes": null
  },
  "Type 42 (DDG)": {
    "Nation": "UK",
    "Dmg": 16,
    "Size": "M",
    "Tgt": "B",
    "EW": "B",
    "EWR": "Type 1022 [40/20/8]",
    "SAM": "Sea Dart",
    "Shots": 11,
    "LOAL": "-",
    "Acq": 16,
    "Atk": 8,
    "Min": 1,
    "Long": "7-8",
    "D": "NA",
    "L": "+1",
    "M": "+1",
    "H": "0",
    "V": "-2",
    "AAA": {
      "AAA1": "Radar AAA (H)",
      "AAA2": "Close Defense {4}"
    },
    "capabilities": {
      "SSM": null,
      "Ammo": null,
      "Helo": "Helo"
    },
    "Notes": null
  },
  "Type 22/1 (FF)": {
    "Nation": "UK",
    "Dmg": 14,
    "Size": "M",
    "Tgt": "A",
    "EW": "C",
    "EWR": "Type 967/968 [30/15/8]",
    "SAM": "Sea Wolf",
    "Shots": 6,
    "LOAL": "L",
    "Acq": 4,
    "Atk": 2,
    "Min": 0,
    "Long": "2",
    "D": "+1",
    "L": "+0",
    "M": "-1",
    "H": "NA",
    "V": "NA",
    "AAA": {
      "AAA1": "Med AAA",
      "AAA2": null
    },
    "capabilities": {
      "SSM": "Exocet",
      "Ammo": 4,
      "Helo": null
    },
    "Notes": "A, D"
  }
}