{
  "_comment": "NATO Aircraft Database - Red Storm Aircraft Statistics",
  "_version": "1.0.0",
  "_created": "2025-11-01",
  "_description": "Complete aircraft specifications for NATO forces. Speed values format: L/M/H/VH altitude bands.",
  "F-4D": {
    "name": "F-4D Phantom II",
    "id": "US-F-4D-1",
    "model": "F-4D Phantom",
    "nation": "US",
    "crew": 2,
    "rwy": 3,
    "fuel": 10,
    "notes": "A, C, I, P, S",
    "weapons": {
      "gun": null,
      "gunDepletion": null,
      "irm": "AIM-9J",
      "irmDepletion": 3,
      "rhm": "AIM-7E-2",
      "rhmDepletion": 3
    },
    "bomb": "3/2",
    "sight": "+1",
    "rwr": "A",
    "jam": "2n",
    "radar": {
      "name": "APQ-109",
      "type": "No LD",
      "range": 12,
      "modifier": "10+: -1"
    },
    "speeds": {
      "clean": {
        "combat": "3/4/4/-",
        "dash": "5/5/6/-",
        "maneuver": "5/5/6/-"
      },
      "laden": {
        "combat": "2/3/3/-",
        "dash": "3/4/5/-",
        "maneuver": "2/3/3/-"
      }
    },
    "ordnance": [
      {
        "type": "EOGM",
        "quantity": 1
      },
      {
        "type": "LGB",
        "quantity": 1
      },
      {
        "type": "EOGB",
        "quantity": 1
      }
    ],
    "capabilities": [
      "Radar",
      "Night"
    ],
    "aam": "AIM-9J/P, AIM-7E-2"
  },
  "F-4E": {
    "name": "F-4E Phantom II",
    "id": "US-F-4E-1",
    "model": "F-4E Phantom",
    "nation": "US",
    "crew": 2,
    "rwy": 3,
    "fuel": 10,
    "notes": "A, C, D, I, P",
    "weapons": {
      "gun": "20mm M39",
      "gunDepletion": 3,
      "irm": "AIM-9L",
      "irmDepletion": 3,
      "rhm": "AIM-7F",
      "rhmDepletion": 3
    },
    "bomb": "3/2",
    "sight": "+1",
    "rwr": "A",
    "jam": "3d",
    "radar": {
      "name": "APQ-120",
      "type": "LD (LTD)",
      "range": 14,
      "modifier": "12+: -1"
    },
    "speeds": {
      "clean": {
        "combat": "4/4/5/-",
        "dash": "5/6/7/-",
        "maneuver": "6/6/6/-"
      },
      "laden": {
        "combat": "3/3/3/-",
        "dash": "4/4/5/-",
        "maneuver": "2/3/3/-"
      }
    },
    "ordnance": [
      {
        "type": "EOGM",
        "quantity": 1
      },
      {
        "type": "LGB",
        "quantity": 1
      },
      {
        "type": "EOGB",
        "quantity": 1
      }
    ],
    "capabilities": [
      "Radar",
      "Night"
    ],
    "aam": "AIM-9L, AIM-7F"
  },
  "F-4G": {
    "name": "F-4G Wild Weasel V",
    "id": "US-F-4G-1",
    "model": "F-4G Wild Weasel",
    "nation": "US",
    "crew": 2,
    "rwy": 3,
    "fuel": 10,
    "notes": "L, M",
    "weapons": {
      "gun": "null",
      "gunDepletion": null,
      "irm": null,
      "irmDepletion": null,
      "rhm": "AIM-7F",
      "rhmDepletion": 6
    },
    "bomb": 2,
    "sight": "+1",
    "rwr": "D",
    "jam": "3d",
    "radar": {
      "name": "APQ-120",
      "type": "LD (LTD)",
      "range": 14,
      "modifier": "12+: -1"
    },
    "speeds": {
      "clean": {
        "combat": "4/4/5/-",
        "dash": "5/6/7/-",
        "maneuver": "6/6/6/-"
      },
      "laden": {
        "combat": "3/3/3/-",
        "dash": "4/4/5/-",
        "maneuver": "2/3/3/-"
      }
    },
    "ordnance": [
      {
        "type": "EOGM",
        "quantity": 1
      },
      {
        "type": "HARM",
        "quantity": 2
      },
      {
        "type": "Shrike",
        "quantity": 1
      }
    ],
    "capabilities": [
      "Radar, Night"
    ],
    "aam": "AIM-7F"
  },
  "RF-4C": {
    "name": "RF-4C Phantom II",
    "id": "US-RF-4C-1",
    "model": "RF-4C Phantom",
    "nation": "US",
    "crew": 2,
    "rwy": 3,
    "fuel": 12,
    "notes": "K",
    "weapons": {
      "gun": null,
      "gunDepletion": null,
      "irm": null,
      "irmDepletion": null,
      "rhm": null,
      "rhmDepletion": null
    },
    "bomb": null,
    "sight": null,
    "rwr": "B",
    "jam": "3d",
    "radar": {
      "name": null,
      "type": null,
      "range": null,
      "modifier": null
    },
    "speeds": {
      "clean": {
        "combat": "3/4/4/-",
        "dash": "5/5/6/-",
        "maneuver": "5/6/6/-"
      },
      "laden": null
    },
    "ordnance": [],
    "capabilities": [
      "Recon",
      "TFR",
      "Night"
    ],
    "aam": null
  },
  "F-16A": {
    "name": "F-16A Fighting Falcon",
    "id": "US-F-16A-1",
    "model": "F-16A Falcon",
    "nation": "US",
    "crew": 1,
    "rwy": 2,
    "fuel": 6,
    "notes": "A, C, M, P",
    "weapons": {
      "gun": "20mm M61",
      "gunDepletion": 3,
      "irm": "AIM-9L",
      "irmDepletion": 3,
      "rhm": null,
      "rhmDepletion": null
    },
    "bomb": "3/2",
    "sight": "+3",
    "rwr": "B",
    "jam": "3d",
    "radar": {
      "name": "APG-66",
      "type": "LD",
      "range": 14,
      "modifier": "12+: -1"
    },
    "speeds": {
      "clean": {
        "combat": "4/4/5/-",
        "dash": "5/6/8/-",
        "maneuver": "9/9/9/-"
      },
      "laden": {
        "combat": "3/3/4/-",
        "dash": "4/5/5/-",
        "maneuver": "4/5/5/-"
      }
    },
    "ordnance": [
      {
        "type": "EOGM",
        "quantity": 1
      }
    ],
    "capabilities": [
      "Radar",
      "Night"
    ],
    "aam": "AIM-9L"
  },
  "F-16C": {
    "name": "F-16C Fighting Falcon",
    "id": "US-F-16C-1",
    "model": "F-16C Falcon",
    "nation": "US",
    "crew": 1,
    "rwy": 2,
    "fuel": 6,
    "notes": "A, C, L, M, P",
    "weapons": {
      "gun": "20mm M61",
      "gunDepletion": 3,
      "irm": "AIM-9M",
      "irmDepletion": 3,
      "rhm": null,
      "rhmDepletion": null
    },
    "bomb": "3/2",
    "sight": "+3",
    "rwr": "C",
    "jam": "3d",
    "radar": {
      "name": "APG-68",
      "type": "LD, TS",
      "range": 16,
      "modifier": "14+: -1"
    },
    "speeds": {
      "clean": {
        "combat": "4/4/5/-",
        "dash": "5/6/8/-",
        "maneuver": "8/9/9/-"
      },
      "laden": {
        "combat": "3/3/4/-",
        "dash": "4/5/5/-",
        "maneuver": "4/5/5/-"
      }
    },
    "ordnance": [
      {
        "type": "EOGM",
        "quantity": 1
      },
      {
        "type": "HARM",
        "quantity": 1
      },
      {
        "type": "Shrike",
        "quantity": 1
      }
    ],
    "capabilities": [
      "Radar",
      "TFR",
      "Night"
    ],
    "aam": "AIM-9M"
  },
  "F-15A": {
    "name": "F-15A Eagle",
    "id": "US-F-15A-1",
    "model": "F-15A Eagle",
    "nation": "US",
    "crew": 1,
    "rwy": 3,
    "fuel": 10,
    "notes": "B, J",
    "weapons": {
      "gun": "20mm M61",
      "gunDepletion": 2,
      "irm": "AIM-9L/M",
      "irmDepletion": 3,
      "rhm": "AIM-7F/M",
      "rhmDepletion": 3
    },
    "bomb": null,
    "sight": null,
    "rwr": "B",
    "jam": "3d",
    "radar": {
      "name": "APG-63",
      "type": "LD, TS",
      "range": 25,
      "modifier": "20+: -1"
    },
    "speeds": {
      "clean": {
        "combat": "4/4/5/-",
        "dash": "5/6/8/-",
        "maneuver": "8/9/9/-"
      },
      "laden": null
    },
    "ordnance": [],
    "capabilities": [
      "Night"
    ],
    "aam": "AIM-9L/M, AIM-7F/M"
  },
  "F-15C": {
    "name": "F-15C Eagle",
    "id": "US-F-15C-1",
    "model": "F-15C Eagle",
    "nation": "US",
    "crew": 1,
    "rwy": 3,
    "fuel": 12,
    "notes": "B, O",
    "weapons": {
      "gun": "20mm M61",
      "gunDepletion": 2,
      "irm": "AIM-9M",
      "irmDepletion": 3,
      "rhm": "AIM-7M",
      "rhmDepletion": 3
    },
    "bomb": null,
    "sight": null,
    "rwr": "C",
    "jam": "3d",
    "radar": {
      "name": "APG-63PSP",
      "type": "LD, TS",
      "range": 30,
      "modifier": "24+: -1"
    },
    "speeds": {
      "clean": {
        "combat": "4/4/5/-",
        "dash": "5/6/8/-",
        "maneuver": "8/9/9/-"
      },
      "laden": null
    },
    "ordnance": [],
    "capabilities": [
      "Night"
    ],
    "aam": "AIM-9M, AIM-7M"
  },
  "F-111D/E": {
    "name": "F-111D/E Aardvark",
    "id": "US-F-111D-E-1",
    "model": "F-111D/E Aardvark",
    "aliases": [
      "F-111D",
      "F-111E"
    ],
    "nation": "US",
    "crew": 2,
    "rwy": 4,
    "fuel": 15,
    "notes": "C",
    "weapons": {
      "gun": null,
      "gunDepletion": null,
      "irm": null,
      "irmDepletion": null,
      "rhm": null,
      "rhmDepletion": null
    },
    "bomb": "6/4",
    "sight": "+3",
    "rwr": "C",
    "jam": "3d",
    "radar": null,
    "speeds": {
      "clean": {
        "combat": "3/4/5/-",
        "dash": "5/6/7/-",
        "maneuver": "4/5/5/-"
      },
      "laden": {
        "combat": "3/3/3/-",
        "dash": "4/4/5/-",
        "maneuver": "2/3/3/-"
      }
    },
    "ordnance": [
      {
        "type": "Durandal",
        "quantity": null
      }
    ],
    "capabilities": [
      "Radar",
      "TFR",
      "Night"
    ],
    "aam": "AIM-9P(8)"
  },
  "F-111F": {
    "name": "F-111F Aardvark",
    "id": "US-F-111F-1",
    "model": "F-111F Aardvark",
    "nation": "US",
    "crew": 2,
    "rwy": 4,
    "fuel": 15,
    "notes": "C, I",
    "weapons": {
      "gun": null,
      "gunDepletion": null,
      "irm": null,
      "irmDepletion": null,
      "rhm": null,
      "rhmDepletion": null
    },
    "bomb": "6/4",
    "sight": "+4",
    "rwr": "C",
    "jam": "3d",
    "radar": null,
    "speeds": {
      "clean": {
        "combat": "4/4/5/-",
        "dash": "5/6/8/-",
        "maneuver": "4/5/5/-"
      },
      "laden": {
        "combat": "3/3/3/-",
        "dash": "4/5/5/-",
        "maneuver": "2/3/3/-"
      }
    },
    "ordnance": [
      {
        "type": "LGB",
        "quantity": 2
      },
      {
        "type": "EOGB",
        "quantity": 4
      }
    ],
    "capabilities": [
      "Radar",
      "FLIR",
      "TFR",
      "Night"
    ],
    "aam": "AIM-9P(8)"
  },
  "EF-111A": {
    "name": "EF-111A Raven",
    "id": "US-EF-111A-1",
    "model": "EF-111A Raven",
    "nation": "US",
    "crew": 2,
    "rwy": 4,
    "fuel": 15,
    "notes": "F",
    "standoffJammingStrength": "16/32/64",
    "weapons": {
      "gun": null,
      "gunDepletion": null,
      "irm": null,
      "irmDepletion": null,
      "rhm": null,
      "rhmDepletion": null
    },
    "bomb": null,
    "sight": null,
    "rwr": "D",
    "jam": "4d",
    "radar": null,
    "speeds": {
      "clean": {
        "combat": "3/4/5/-",
        "dash": "5/6/7/-",
        "maneuver": "4/5/5/-"
      },
      "laden": null
    },
    "ordnance": [],
    "capabilities": [
      "TFR",
      "Night",
      "Standoff, Spot"
    ],
    "aam": null
  },
  "F-117A": {
    "name": "F-117A Nighthawk",
    "id": "US-F-117A-1",
    "model": "F-117A Nighthawk",
    "nation": "US",
    "crew": 1,
    "rwy": 3,
    "fuel": 12,
    "notes": "H, Q",
    "weapons": {
      "gun": null,
      "gunDepletion": null,
      "irm": null,
      "irmDepletion": null,
      "rhm": null,
      "rhmDepletion": null
    },
    "bomb": null,
    "sight": "+4",
    "rwr": "B",
    "jam": "8d",
    "radar": null,
    "speeds": {
      "clean": {
        "combat": "3/3/3/-",
        "dash": "4/4/4/-",
        "maneuver": "3/3/3/-"
      },
      "laden": null
    },
    "ordnance": [
      {
        "type": "LGB",
        "quantity": 1
      }
    ],
    "capabilities": [
      "Night",
      "FLIR"
    ],
    "aam": null
  },
  "A-7D": {
    "name": "A-7D Corsair II",
    "id": "US-A-7D-1",
    "model": "A-7D Corsair II",
    "nation": "US",
    "crew": 1,
    "rwy": 2,
    "fuel": 8,
    "notes": "G, Q, R",
    "weapons": {
      "gun": "20mm M39",
      "gunDepletion": 2,
      "irm": "AIM-9J",
      "irmDepletion": 6,
      "rhm": null,
      "rhmDepletion": null
    },
    "bomb": "3",
    "sight": "+3",
    "rwr": "A",
    "jam": "2n",
    "radar": null,
    "speeds": {
      "clean": {
        "combat": "2/3/3/-",
        "dash": "3/4/4/-",
        "maneuver": "5/4/3/-"
      },
      "laden": {
        "combat": "2/2/-/-",
        "dash": "3/3/3/-",
        "maneuver": "2/2/2/-"
      }
    },
    "ordnance": [
      {
        "type": "EOGM",
        "quantity": 2
      },
      {
        "type": "LGB",
        "quantity": 1
      }
    ],
    "capabilities": [
      "Radar",
      "Night"
    ],
    "aam": "AIM-9J"
  },
  "A-10A": {
    "name": "A-10A Thunderbolt II",
    "id": "US-A-10A-1",
    "model": "A-10A Thunderbolt II",
    "nation": "US",
    "crew": 1,
    "rwy": 2,
    "fuel": 11,
    "notes": "G, Q, R",
    "weapons": {
      "gun": "30mm",
      "gunDepletion": 2,
      "irm": null,
      "irmDepletion": null,
      "rhm": null,
      "rhmDepletion": null
    },
    "bomb": "3",
    "sight": "+1",
    "rwr": "B",
    "jam": "3d",
    "radar": null,
    "speeds": {
      "clean": {
        "combat": "2/2/2/-",
        "dash": "3/3/3/-",
        "maneuver": "5/5/4/-"
      },
      "laden": {
        "combat": "2/2/2/-",
        "dash": "2/2/2/-",
        "maneuver": "3/3/2/-"
      }
    },
    "ordnance": [
      {
        "type": "EOGM",
        "quantity": 2
      },
      {
        "type": "LGB",
        "quantity": 1
      }
    ],
    "capabilities": [],
    "aam": "AIM-9L"
  },
  "B-52G": {
    "name": "B-52G Stratofortress",
    "id": "US-B-52G-1",
    "model": "B-52G",
    "nation": "US",
    "crew": 6,
    "rwy": 5,
    "fuel": "U",
    "notes": "E, N, Q",
    "weapons": {
      "gun": "Rear Gun",
      "gunDepletion": null,
      "irm": null,
      "irmDepletion": null,
      "rhm": null,
      "rhmDepletion": null
    },
    "bomb": "20",
    "sight": "+3",
    "rwr": "B",
    "jam": "5d",
    "radar": null,
    "speeds": {
      "clean": {
        "combat": "2/3/3/-",
        "dash": "3/3/3/-",
        "maneuver": "1/1/1/-"
      },
      "laden": {
        "combat": "2/3/3/-",
        "dash": "3/3/3/-",
        "maneuver": "1/1/1/-"
      }
    },
    "ordnance": [
      {
        "type": "SRAM",
        "quantity": 4
      }
    ],
    "capabilities": [
      "Radar",
      "TFR",
      "Night"
    ],
    "aam": null
  },
  "C-141B": {
    "name": "C-141B Starlifter",
    "id": "US-C-141B-1",
    "model": "C-141B",
    "nation": "US",
    "crew": 4,
    "rwy": 4,
    "fuel": "U",
    "notes": "E, Q",
    "weapons": {
      "gun": null,
      "gunDepletion": null,
      "irm": null,
      "irmDepletion": null,
      "rhm": null,
      "rhmDepletion": null
    },
    "bomb": null,
    "sight": null,
    "rwr": null,
    "jam": "-/-",
    "radar": null,
    "speeds": {
      "clean": {
        "combat": "2/3/3/-",
        "dash": "-/-/-/-",
        "maneuver": "1/1/1/-"
      },
      "laden": null
    },
    "ordnance": [],
    "capabilities": [
      "Night"
    ],
    "aam": null
  },
  "EC-130H": {
    "name": "EC-130H Compass Call",
    "id": "US-EC-130H-1",
    "model": "EC-130H",
    "nation": "US",
    "crew": 13,
    "rwy": 2,
    "fuel": "U",
    "notes": "E, F, Q",
    "standoffJammingStrength": "18/36/70",
    "weapons": {
      "gun": null,
      "gunDepletion": null,
      "irm": null,
      "irmDepletion": null,
      "rhm": null,
      "rhmDepletion": null
    },
    "bomb": null,
    "sight": null,
    "rwr": "B",
    "jam": "-",
    "radar": null,
    "speeds": {
      "clean": {
        "combat": "2/2/-/-",
        "dash": "-/-/-/-",
        "maneuver": "1/1/-/-"
      },
      "laden": null
    },
    "ordnance": [],
    "capabilities": [
      "Night",
      "Standoff, Spot"
    ],
    "aam": null
  },
  "BGM-109G": {
    "name": "BGM-109G GLCM",
    "id": "US-BGM-109G-1",
    "model": "BGM-109G",
    "nation": "US",
    "crew": 0,
    "rwy": null,
    "fuel": "U",
    "notes": null,
    "weapons": {
      "gun": null,
      "gunDepletion": null,
      "irm": null,
      "irmDepletion": null,
      "rhm": null,
      "rhmDepletion": null
    },
    "bomb": null,
    "sight": null,
    "rwr": null,
    "jam": "2d",
    "radar": null,
    "speeds": {
      "clean": {
        "combat": "3/-/-/-",
        "dash": "-/-/-/-",
        "maneuver": "1/-/-/-"
      },
      "laden": null
    },
    "ordnance": [],
    "capabilities": [
      "TFR",
      "Night"
    ],
    "aam": null
  },
  "AGM-69A": {
    "name": "AGM-69A SRAM",
    "id": "US-AGM-69A-1",
    "model": "AGM-69A",
    "nation": "US",
    "crew": 0,
    "rwy": null,
    "fuel": "U",
    "notes": null,
    "weapons": {
      "gun": null,
      "gunDepletion": null,
      "irm": null,
      "irmDepletion": null,
      "rhm": null,
      "rhmDepletion": null
    },
    "bomb": null,
    "sight": null,
    "rwr": null,
    "jam": "2d",
    "radar": null,
    "speeds": {
      "clean": {
        "combat": "8/-/15/-",
        "dash": "-/-/-/-",
        "maneuver": "4/-/6/-"
      },
      "laden": null
    },
    "ordnance": [],
    "capabilities": [
      "Night"
    ],
    "aam": null
  },
  "BGM-74C": {
    "name": "BGM-74C Chukar III",
    "id": "US-BGM-74C-1",
    "model": "BGM-74C",
    "nation": "US",
    "crew": 0,
    "rwy": null,
    "fuel": "U",
    "notes": null,
    "weapons": {
      "gun": null,
      "gunDepletion": null,
      "irm": null,
      "irmDepletion": null,
      "rhm": null,
      "rhmDepletion": null
    },
    "bomb": null,
    "sight": null,
    "rwr": null,
    "jam": "-",
    "radar": null,
    "speeds": {
      "clean": {
        "combat": "-/3/-/-",
        "dash": "-/-/-/-",
        "maneuver": "-/1/-/-"
      },
      "laden": null
    },
    "ordnance": [],
    "capabilities": [
      "Night"
    ],
    "aam": null
  },
  "Phantom FGR.2": {
    "name": "Phantom FGR.2",
    "id": "UK-PHANTOM-FGR-2-1",
    "model": "Phantom FGR.2",
    "nation": "UK",
    "crew": 2,
    "rwy": 3,
    "fuel": 10,
    "notes": "D",
    "weapons": {
      "gun": null,
      "gunDepletion": null,
      "irm": "AIM-9L",
      "irmDepletion": 3,
      "rhm": "Skyflash",
      "rhmDepletion": 3
    },
    "bomb": null,
    "sight": null,
    "rwr": "B",
    "jam": null,
    "radar": {
      "name": "AWG-12",
      "type": "LD",
      "range": 16,
      "modifier": "14+: -1"
    },
    "speeds": {
      "clean": {
        "combat": "4/4/5/-",
        "dash": "5/6/7/-",
        "maneuver": "5/6/6/-"
      },
      "laden": null
    },
    "ordnance": [],
    "capabilities": [
      "Night"
    ],
    "aam": "AIM-9L, Skyflash"
  },
  "Tornado F.2A": {
    "name": "Tornado F.2A",
    "id": "UK-TORNADO-F-2A-1",
    "model": "Tornado F.2A",
    "nation": "UK",
    "crew": 2,
    "rwy": 2,
    "fuel": 10,
    "notes": "M",
    "weapons": {
      "gun": null,
      "gunDepletion": null,
      "irm": "AIM-9L",
      "irmDepletion": 6,
      "rhm": "Skyflash",
      "rhmDepletion": 3
    },
    "bomb": null,
    "sight": null,
    "rwr": "C",
    "jam": null,
    "radar": {
      "name": "Foxhunter",
      "type": "LD",
      "range": 25,
      "modifier": "20+: -1"
    },
    "speeds": {
      "clean": {
        "combat": "4/4/5/-",
        "dash": "5/6/8/-",
        "maneuver": "4/5/6/-"
      },
      "laden": null
    },
    "ordnance": [],
    "capabilities": [
      "Night"
    ],
    "aam": "AIM-9L, Skyflash"
  },
  "Tornado GR.1": {
    "name": "Tornado GR.1",
    "id": "UK-TORNADO-GR-1-1",
    "model": "Tornado GR.1",
    "nation": "UK",
    "crew": 2,
    "rwy": 3,
    "fuel": 11,
    "notes": "H",
    "weapons": {
      "gun": "27mm",
      "gunDepletion": 4,
      "irm": "AIM-9L",
      "irmDepletion": 6,
      "rhm": null,
      "rhmDepletion": null
    },
    "bomb": "4/2",
    "sight": "+4",
    "rwr": "C",
    "jam": "3d",
    "radar": null,
    "speeds": {
      "clean": {
        "combat": "4/4/5/-",
        "dash": "5/6/7/-",
        "maneuver": "4/5/6/-"
      },
      "laden": {
        "combat": "3/3/3/-",
        "dash": "4/4/5/-",
        "maneuver": "2/3/3/-"
      }
    },
    "ordnance": [
      {
        "type": "JP233",
        "quantity": null
      }
    ],
    "capabilities": [
      "Radar",
      "TFR",
      "Night"
    ],
    "aam": "AIM-9L"
  },
  "Tornado GR.1A": {
    "name": "Tornado GR.1A",
    "id": "UK-TORNADO-GR-1A-1",
    "model": "Tornado GR.1A",
    "nation": "UK",
    "crew": 2,
    "rwy": 3,
    "fuel": 14,
    "notes": "K",
    "weapons": {
      "gun": null,
      "gunDepletion": null,
      "irm": "AIM-9L",
      "irmDepletion": 6,
      "rhm": null,
      "rhmDepletion": null
    },
    "bomb": null,
    "sight": null,
    "rwr": "C/3d",
    "jam": null,
    "radar": null,
    "speeds": {
      "clean": {
        "combat": "4/4/5/-",
        "dash": "5/6/7/-",
        "maneuver": "4/5/6/-"
      },
      "laden": null
    },
    "ordnance": [],
    "capabilities": [
      "Recon",
      "TFR",
      "Night"
    ],
    "aam": "AIM-9L"
  },
  "Jaguar GR.1A": {
    "name": "Jaguar GR.1A",
    "id": "UK-JAGUAR-GR-1A-1",
    "model": "Jaguar GR.1A",
    "nation": "UK",
    "crew": 1,
    "rwy": 2,
    "fuel": 7,
    "notes": "B, F, L, N",
    "weapons": {
      "gun": "30mm",
      "gunDepletion": 4,
      "irm": "AIM-9G",
      "irmDepletion": 8,
      "rhm": null,
      "rhmDepletion": null
    },
    "bomb": "2",
    "sight": "+2",
    "rwr": "A",
    "jam": "2n",
    "radar": null,
    "speeds": {
      "clean": {
        "combat": "3/4/4/-",
        "dash": "5/5/6/-",
        "maneuver": "5/4/3/-"
      },
      "laden": {
        "combat": "2/3/3/-",
        "dash": "3/4/4/-",
        "maneuver": "2/2/2/-"
      }
    },
    "ordnance": [
      {
        "type": "LGB",
        "quantity": 1
      }
    ],
    "capabilities": [
      "Recon",
      "Night(ltd)"
    ],
    "aam": "AIM-9G"
  },
  "Harrier GR.3": {
    "name": "Harrier GR.3",
    "id": "UK-HARRIER-GR-3-1",
    "model": "Harrier GR.3",
    "nation": "UK",
    "crew": 1,
    "rwy": 1,
    "fuel": 5,
    "notes": "A, B, E, F, I",
    "weapons": {
      "gun": "30mm",
      "gunDepletion": 4,
      "irm": "AIM-9G",
      "irmDepletion": 8,
      "rhm": null,
      "rhmDepletion": null
    },
    "bomb": "1.5",
    "sight": "+1",
    "rwr": "A",
    "jam": null,
    "radar": null,
    "speeds": {
      "clean": {
        "combat": "3/3/2/-",
        "dash": "4/4/3/-",
        "maneuver": "6/5/4/-"
      },
      "laden": {
        "combat": "2/2/2/-",
        "dash": "3/3/3/-",
        "maneuver": "2/2/2/-"
      }
    },
    "ordnance": [
      {
        "type": "LGB",
        "quantity": 1
      }
    ],
    "capabilities": [
      "Recon",
      "Night(ltd)"
    ],
    "aam": "AIM-9G"
  },
  "Buccaneer S.2B": {
    "name": "Buccaneer S.2B",
    "id": "UK-BUCCANEER-S-2B-1",
    "model": "Buccaneer S.2B",
    "nation": "UK",
    "crew": 2,
    "rwy": 3,
    "fuel": 12,
    "notes": "C, J, O",
    "weapons": {
      "gun": null,
      "gunDepletion": null,
      "irm": "AIM-9L",
      "irmDepletion": 8,
      "rhm": null,
      "rhmDepletion": null
    },
    "bomb": "2",
    "sight": "+1",
    "rwr": "B/2n",
    "jam": null,
    "radar": null,
    "speeds": {
      "clean": {
        "combat": "3/3/2/-",
        "dash": "4/4/3/-",
        "maneuver": "4/3/2/-"
      },
      "laden": {
        "combat": "2/2/2/-",
        "dash": "3/3/3/-",
        "maneuver": "2/2/2/-"
      }
    },
    "ordnance": [
      {
        "type": "LGB",
        "quantity": 1
      },
      {
        "type": "EOGB",
        "quantity": 1
      },
      {
        "type": "AS.37",
        "quantity": 1
      }
    ],
    "capabilities": [
      "TFR",
      "Night"
    ],
    "aam": "AIM-9L"
  },
  "Falcon 20F": {
    "name": "Falcon 20F",
    "id": "UK-FALCON-20F-1",
    "model": "Falcon 20F",
    "nation": "UK",
    "crew": 5,
    "rwy": 4,
    "fuel": "U",
    "notes": "G, O",
    "standoffJammingStrength": "10/20/40",
    "weapons": {
      "gun": null,
      "gunDepletion": null,
      "irm": null,
      "irmDepletion": null,
      "rhm": null,
      "rhmDepletion": null
    },
    "bomb": null,
    "sight": null,
    "rwr": "C",
    "jam": null,
    "radar": null,
    "speeds": {
      "clean": {
        "combat": "2/2/3/-",
        "dash": "-/-/-/-",
        "maneuver": "1/1/1/-"
      },
      "laden": null
    },
    "ordnance": [],
    "capabilities": [
      "Night",
      "Standoff, Spot"
    ],
    "aam": null
  },
  "F-4F": {
    "name": "F-4F Phantom II",
    "id": "FRG-F-4F-1",
    "model": "F-4F Phantom",
    "nation": "FRG",
    "crew": 2,
    "rwy": 3,
    "fuel": 8,
    "notes": "A, E, H",
    "weapons": {
      "gun": "20mm M61",
      "gunDepletion": 3,
      "irm": "AIM-9L",
      "irmDepletion": 3,
      "rhm": null,
      "rhmDepletion": null
    },
    "bomb": "3/2",
    "sight": "+1",
    "rwr": "B",
    "jam": "3d",
    "radar": {
      "name": "APQ-120",
      "type": "LD (LTD)",
      "range": 14,
      "modifier": "12+: -1"
    },
    "speeds": {
      "clean": {
        "combat": "4/4/5/-",
        "dash": "5/6/7/-",
        "maneuver": "6/6/6/-"
      },
      "laden": {
        "combat": "3/3/3/-",
        "dash": "4/4/5/-",
        "maneuver": "2/3/3/-"
      }
    },
    "ordnance": [
      {
        "type": "EOGM",
        "quantity": 1
      }
    ],
    "capabilities": [
      "Radar",
      "Night"
    ],
    "aam": "AIM-9L"
  },
  "RF-4E": {
    "name": "RF-4E Phantom II",
    "id": "FRG-RF-4E-1",
    "model": "RF-4E Phantom",
    "nation": "FRG",
    "crew": 2,
    "rwy": 3,
    "fuel": 10,
    "notes": "F",
    "weapons": {
      "gun": null,
      "gunDepletion": null,
      "irm": null,
      "irmDepletion": null,
      "rhm": null,
      "rhmDepletion": null
    },
    "bomb": null,
    "sight": null,
    "rwr": "B",
    "jam": "3d",
    "radar": null,
    "speeds": {
      "clean": {
        "combat": "4/4/5/-",
        "dash": "5/6/7/-",
        "maneuver": "6/6/6/-"
      },
      "laden": null
    },
    "ordnance": [],
    "capabilities": [
      "Recon",
      "Night"
    ],
    "aam": null
  },
  "Tornado IDS": {
    "name": "Tornado IDS",
    "id": "FRG-TORNADO-IDS-1",
    "model": "IDS",
    "nation": "FRG",
    "crew": 2,
    "rwy": 3,
    "fuel": 9,
    "notes": "E",
    "weapons": {
      "gun": "27mm",
      "gunDepletion": 4,
      "irm": "AIM-9L",
      "irmDepletion": 6,
      "rhm": null,
      "rhmDepletion": null
    },
    "bomb": "4/2",
    "sight": "+4",
    "rwr": "B",
    "jam": "3d",
    "radar": null,
    "speeds": {
      "clean": {
        "combat": "4/4/5/-",
        "dash": "5/6/7/-",
        "maneuver": "4/5/6/-"
      },
      "laden": {
        "combat": "3/3/3/-",
        "dash": "4/4/5/-",
        "maneuver": "2/3/3/-"
      }
    },
    "ordnance": [
      {
        "type": "MW-1A",
        "quantity": null
      },
      {
        "type": "MW-1B",
        "quantity": null
      }
    ],
    "capabilities": [
      "Radar",
      "TFR",
      "Night"
    ],
    "aam": "AIM-9L"
  },
  "Alpha Jet A": {
    "name": "Alpha Jet A",
    "id": "FRG-ALPHA-JET-A-1",
    "model": "Alpha Jet A",
    "nation": "FRG",
    "crew": 2,
    "rwy": 3,
    "fuel": 4,
    "notes": "B, C, I",
    "weapons": {
      "gun": "27mm",
      "gunDepletion": 4,
      "irm": null,
      "irmDepletion": null,
      "rhm": null,
      "rhmDepletion": null
    },
    "bomb": "1",
    "sight": "+1",
    "rwr": "-/-",
    "jam": null,
    "radar": null,
    "speeds": {
      "clean": {
        "combat": "2/2/2/-",
        "dash": "3/3/3/-",
        "maneuver": "5/4/4/-"
      },
      "laden": {
        "combat": "2/2/2/-",
        "dash": "3/3/3/-",
        "maneuver": "2/2/2/-"
      }
    },
    "ordnance": [],
    "capabilities": [],
    "aam": null
  },
  "F-104G": {
    "name": "F-104G Starfighter",
    "id": "FRG-F-104G-1",
    "model": "F-104G Starfighter",
    "nation": "FRG",
    "crew": 1,
    "rwy": 3,
    "fuel": 5,
    "notes": "B, G, H",
    "weapons": {
      "gun": "20mm M61",
      "gunDepletion": 3,
      "irm": "AIM-9F",
      "irmDepletion": 6,
      "rhm": null,
      "rhmDepletion": null
    },
    "bomb": "1",
    "sight": "+1",
    "rwr": "A",
    "jam": null,
    "radar": {
      "name": "F15A-41B",
      "type": "No LD",
      "range": 4,
      "modifier": null
    },
    "speeds": {
      "clean": {
        "combat": "4/4/5/-",
        "dash": "5/6/8/-",
        "maneuver": "4/5/6/-"
      },
      "laden": {
        "combat": "3/4/4/-",
        "dash": "4/5/5/-",
        "maneuver": "2/3/3/-"
      }
    },
    "ordnance": [],
    "capabilities": [
      "Radar",
      "Night(Ltd)"
    ],
    "aam": "AIM-9F"
  },
  "HFB 320": {
    "name": "HFB 320 Hansa Jet",
    "id": "FRG-HFB-320-1",
    "model": "HFB 320 Hansa Jet",
    "nation": "FRG",
    "crew": 5,
    "rwy": 4,
    "fuel": "U",
    "notes": "D, I",
    "standoffJammingStrength": "6/12/24",
    "weapons": {
      "gun": null,
      "gunDepletion": null,
      "irm": null,
      "irmDepletion": null,
      "rhm": null,
      "rhmDepletion": null
    },
    "bomb": null,
    "sight": null,
    "rwr": "B/-",
    "jam": null,
    "radar": null,
    "speeds": {
      "clean": {
        "combat": "2/2/3/-",
        "dash": "-/-/-/-",
        "maneuver": "1/1/2/-"
      },
      "laden": null
    },
    "ordnance": [],
    "capabilities": [
      "Night",
      "Standoff, Spot"
    ],
    "aam": null
  },
  "F-16A BE/CA/NE": {
    "name": "F-16A Fighting Falcon",
    "id": "BE-F-16A-BE-CA-NE-1",
    "model": "F-16A Falcon",
    "nation": "Belgium",
    "nationOptions": [
      "Belgium",
      "Canada",
      "Netherlands"
    ],
    "crew": 1,
    "rwy": 2,
    "fuel": 6,
    "notes": "A, E",
    "weapons": {
      "gun": "20mm M61",
      "gunDepletion": 3,
      "irm": "AIM-9L",
      "irmDepletion": 3,
      "rhm": null,
      "rhmDepletion": null
    },
    "bomb": "3",
    "sight": "+3",
    "rwr": "B",
    "jam": null,
    "radar": {
      "name": "APG-66",
      "type": "LD",
      "range": 14,
      "modifier": "12+: -1"
    },
    "speeds": {
      "clean": {
        "combat": "4/4/5/-",
        "dash": "5/6/8/-",
        "maneuver": "9/9/9/-"
      },
      "laden": {
        "combat": "3/3/4/-",
        "dash": "4/5/5/-",
        "maneuver": "4/5/5/-"
      }
    },
    "ordnance": [],
    "capabilities": [
      "Radar",
      "Recon",
      "Night(Ltd)"
    ],
    "aam": "AIM-9L"
  },
  "Mirage 5BA": {
    "name": "Mirage 5BA",
    "id": "BE-MIRAGE-5BA-1",
    "model": "Mirage 5BA",
    "nation": "Belgium",
    "crew": 1,
    "rwy": 2,
    "fuel": 6,
    "notes": "B",
    "weapons": {
      "gun": "30mm",
      "gunDepletion": 4,
      "irm": "AIM-9F",
      "irmDepletion": 6,
      "rhm": null,
      "rhmDepletion": null
    },
    "bomb": "2",
    "sight": "+1",
    "rwr": "C/3d",
    "jam": null,
    "radar": null,
    "speeds": {
      "clean": {
        "combat": "3/4/5/-",
        "dash": "5/6/7/-",
        "maneuver": "5/6/6/-"
      },
      "laden": {
        "combat": "3/3/4/-",
        "dash": "4/5/5/-",
        "maneuver": "2/3/3/-"
      }
    },
    "ordnance": [],
    "capabilities": [
      "Night(Ltd)"
    ],
    "aam": "AIM-9F"
  },
  "Mirage 5BR": {
    "name": "Mirage 5BR",
    "id": "BE-MIRAGE-5BR-1",
    "model": "Mirage 5BR",
    "nation": "Belgium",
    "crew": 1,
    "rwy": 2,
    "fuel": 6,
    "notes": null,
    "weapons": {
      "gun": "30mm",
      "gunDepletion": 4,
      "irm": null,
      "irmDepletion": null,
      "rhm": null,
      "rhmDepletion": null
    },
    "bomb": null,
    "sight": null,
    "rwr": "C/3d",
    "jam": null,
    "radar": null,
    "speeds": {
      "clean": {
        "combat": "3/4/5/-",
        "dash": "5/6/7/-",
        "maneuver": "5/6/6/-"
      },
      "laden": null
    },
    "ordnance": [],
    "capabilities": [
      "Recon",
      "Night"
    ],
    "aam": null
  },
  "CF-18A": {
    "name": "CF-18A Hornet",
    "id": "CAN-CF-18A-1",
    "model": "CF-18A Hornet",
    "nation": "Canada",
    "crew": 1,
    "rwy": 3,
    "fuel": 6,
    "notes": "A, B, C, E",
    "weapons": {
      "gun": "20mm M61",
      "gunDepletion": 3,
      "irm": "AIM-9L",
      "irmDepletion": 3,
      "rhm": "AIM-7M",
      "rhmDepletion": 6
    },
    "bomb": "4/2",
    "sight": "+3",
    "rwr": "B/3d",
    "jam": null,
    "radar": {
      "name": "APG-65",
      "type": "LD, TS",
      "range": 20,
      "modifier": "16+: -1"
    },
    "speeds": {
      "clean": {
        "combat": "4/4/5/-",
        "dash": "5/6/6/-",
        "maneuver": "7/7/8/-"
      },
      "laden": {
        "combat": "3/3/4/-",
        "dash": "4/5/5/-",
        "maneuver": "4/5/5/-"
      }
    },
    "ordnance": [],
    "capabilities": [
      "Radar",
      "TFR",
      "Night"
    ],
    "aam": "AIM-9L, AIM-7M"
  },
  "CF-5A": {
    "name": "CF-5A Freedom Fighter",
    "id": "CAN-CF-5A-1",
    "model": "CF-5A",
    "nation": "Canada",
    "crew": 1,
    "rwy": 3,
    "fuel": 4,
    "notes": "B, D",
    "weapons": {
      "gun": "20mm M39A2",
      "gunDepletion": 2,
      "irm": "AIM-9L",
      "irmDepletion": 3,
      "rhm": null,
      "rhmDepletion": null
    },
    "bomb": "1",
    "sight": "+0",
    "rwr": "-/-",
    "jam": null,
    "radar": null,
    "speeds": {
      "clean": {
        "combat": "3/3/4/-",
        "dash": "4/5/5/-",
        "maneuver": "5/6/7/-"
      },
      "laden": {
        "combat": "2/2/3/-",
        "dash": "3/3/4/-",
        "maneuver": "2/3/3/-"
      }
    },
    "ordnance": [],
    "capabilities": [],
    "aam": "AIM-9L"
  },
  "NF-5A": {
    "name": "NF-5A Freedom Fighter",
    "id": "NE-NF-5A-1",
    "model": "NF-5A",
    "nation": "NE",
    "crew": 1,
    "rwy": 3,
    "fuel": 4,
    "notes": "D",
    "weapons": {
      "gun": "20mm M39A2",
      "gunDepletion": 2,
      "irm": "AIM-9L",
      "irmDepletion": 3,
      "rhm": null,
      "rhmDepletion": null
    },
    "bomb": "1",
    "sight": "+0",
    "rwr": "B/-",
    "jam": null,
    "radar": null,
    "speeds": {
      "clean": {
        "combat": "3/3/4/-",
        "dash": "4/5/5/-",
        "maneuver": "5/6/7/-"
      },
      "laden": {
        "combat": "2/2/3/-",
        "dash": "3/3/4/-",
        "maneuver": "2/3/3/-"
      }
    },
    "ordnance": [],
    "capabilities": [],
    "aam": "AIM-9L"
  },
  "H-53": {
    "name": "H-53",
    "id": "US-H-53-1",
    "model": "H-53",
    "nation": "US",
    "crew": 0,
    "rwy": 0,
    "fuel": 0,
    "notes": null,
    "weapons": {},
    "speeds": {},
    "ordnance": [],
    "capabilities": [
      "CSAR"
    ],
    "aam": null
  },
  "Puma": {
    "name": "Puma",
    "id": "UK-PUMA-1",
    "model": "Puma",
    "nation": "UK",
    "crew": 0,
    "rwy": 0,
    "fuel": 0,
    "notes": null,
    "weapons": {},
    "speeds": {},
    "ordnance": [],
    "capabilities": [
      "CSAR"
    ],
    "aam": null
  },
  "CH-53": {
    "name": "CH-53",
    "id": "FRG-CH-53-1",
    "model": "CH-53",
    "nation": "FRG",
    "crew": 0,
    "rwy": 0,
    "fuel": 0,
    "notes": null,
    "weapons": {},
    "speeds": {},
    "ordnance": [],
    "capabilities": [
      "CSAR"
    ],
    "aam": null
  }
}
