{
  "_comment": "Warsaw Pact Aircraft Database - Red Storm Aircraft Statistics",
  "_version": "1.0.0",
  "_created": "2025-11-02",
  "_description": "Complete aircraft specifications for Warsaw Pact forces. Speed values format: L/M/H/VH altitude bands.",
  "MiG-21SPS Fishbed F": {
    "name": "MiG-21SPS Fishbed F",
    "id": "GDR-MIG-21SPS-FISHBED-F-1",
    "model": "MiG-21SPS Fishbed F",
    "nation": "GDR",
    "crew": 1,
    "rwy": 2,
    "fuel": 6,
    "notes": "A, E, F, H, J",
    "weapons": {
      "gun": "23mm Gun Pod",
      "gunDepletion": 4,
      "irm": "R-13M",
      "irmDepletion": 6,
      "rhm": null,
      "rhmDepletion": null
    },
    "bomb": "1",
    "sight": "+0",
    "rwr": "A",
    "jam": null,
    "radar": {
      "name": "RP-21M",
      "type": "No LD",
      "range": 4,
      "modifier": null
    },
    "speeds": {
      "clean": {
        "combat": "3/4/4/-",
        "dash": "4/5/6/-",
        "maneuver": "5/6/7/-"
      },
      "laden": {
        "combat": "2/3/3/-",
        "dash": "3/4/4/-",
        "maneuver": "2/2/3/-"
      }
    },
    "ordnance": [
      {
        "type": "Chaff",
        "quantity": null
      }
    ],
    "capabilities": [
      "Night(Ltd)"
    ],
    "aam": "R-13M"
  },
  "MiG-21M": {
    "name": "MiG-21M Fishbed J",
    "id": "GDR-MIG-21M-1",
    "model": "MiG-21M Fishbed J",
    "nation": "GDR",
    "crew": 1,
    "rwy": 2,
    "fuel": 8,
    "notes": "J",
    "weapons": {
      "gun": "23mm",
      "gunDepletion": 4,
      "irm": null,
      "irmDepletion": null,
      "rhm": null,
      "rhmDepletion": null
    },
    "bomb": null,
    "sight": null,
    "rwr": "A",
    "jam": "2n",
    "radar": {
      "name": "RP-21MA",
      "type": "No LD",
      "range": 4,
      "modifier": null
    },
    "speeds": {
      "clean": {
        "combat": "3/4/5/-",
        "dash": "4/5/7/-",
        "maneuver": "5/6/7/-"
      },
      "laden": null
    },
    "ordnance": [],
    "capabilities": [
      "Recon",
      "Night(Ltd)"
    ],
    "aam": ""
  },
  "MiG-21MF": {
    "name": "MiG-21MF Fishbed J",
    "id": "GDR-MIG-21MF-1",
    "model": "MiG-21MF Fishbed J",
    "nation": "GDR",
    "crew": 1,
    "rwy": 2,
    "fuel": 6,
    "notes": "A, E, H, J",
    "weapons": {
      "gun": "23mm",
      "gunDepletion": 4,
      "irm": "R-13M",
      "irmDepletion": 3,
      "rhm": null,
      "rhmDepletion": null
    },
    "bomb": "1",
    "sight": "+0",
    "rwr": "A",
    "jam": null,
    "radar": {
      "name": "RP-22M",
      "type": "No LD",
      "range": 5,
      "modifier": null
    },
    "speeds": {
      "clean": {
        "combat": "3/4/5/-",
        "dash": "4/5/7/-",
        "maneuver": "5/6/7/-"
      },
      "laden": {
        "combat": "2/3/3/-",
        "dash": "3/4/4/-",
        "maneuver": "2/2/3/-"
      }
    },
    "ordnance": [
      {
        "type": "Chaff",
        "quantity": null
      }
    ],
    "capabilities": [
      "Night(Ltd)"
    ],
    "aam": "R-13M"
  },
  "MiG-21bisL": {
    "name": "MiG-21bis Fishbed L",
    "id": "GDR-MIG-21BISL-1",
    "model": "MiG-21bis Fishbed L",
    "nation": "GDR",
    "crew": 1,
    "rwy": 2,
    "fuel": 6,
    "notes": "A, E, I, J",
    "weapons": {
      "gun": "23mm",
      "gunDepletion": 4,
      "irm": "R-60",
      "irmDepletion": 6,
      "rhm": "R-3R",
      "rhmDepletion": 6
    },
    "bomb": "1",
    "sight": "+0",
    "rwr": "A",
    "jam": null,
    "radar": {
      "name": "RP-22M",
      "type": "No LD",
      "range": null,
      "modifier": null
    },
    "speeds": {
      "clean": {
        "combat": "3/4/5/-",
        "dash": "4/5/7/-",
        "maneuver": "5/6/7/-"
      },
      "laden": {
        "combat": "3/3/3/-",
        "dash": "4/4/4/-",
        "maneuver": "2/2/3/-"
      }
    },
    "ordnance": [
      {
        "type": "Chaff",
        "quantity": null
      }
    ],
    "capabilities": [
      "Night(Ltd)"
    ],
    "aam": "R-60, R-3R"
  },
  "MiG-23MF": {
    "name": "MiG-23MF Flogger B",
    "id": "GDR-MIG-23MF-1",
    "model": "MiG-23MF Flogger B",
    "nation": "GDR",
    "crew": 1,
    "rwy": 2,
    "fuel": 7,
    "notes": "A, D, E, J",
    "weapons": {
      "gun": "23mm",
      "gunDepletion": 4,
      "irm": "R-60",
      "irmDepletion": 6,
      "rhm": "R-23",
      "rhmDepletion": 6
    },
    "bomb": "2/1",
    "sight": "+0",
    "rwr": "A",
    "jam": null,
    "radar": {
      "name": "S-23E",
      "type": "No LD",
      "range": null,
      "modifier": "[8], 6+, -2"
    },
    "speeds": {
      "clean": {
        "combat": "4/4/5/-",
        "dash": "5/6/8/-",
        "maneuver": "4/5/5/-"
      },
      "laden": {
        "combat": "3/3/4/-",
        "dash": "4/5/5/-",
        "maneuver": "2/3/3/-"
      }
    },
    "ordnance": [],
    "capabilities": [
      "Night(Ltd)",
      "IRST"
    ],
    "aam": "R-60, R-23"
  },
  "MiG-23ML": {
    "name": "MiG-23ML Flogger G",
    "id": "GDR-MIG-23ML-1",
    "model": "MiG-23ML Flogger G",
    "nation": "GDR",
    "crew": 1,
    "rwy": 2,
    "fuel": 7,
    "notes": "A, C, D, E, J",
    "weapons": {
      "gun": "23mm",
      "gunDepletion": 4,
      "irm": "R-60M",
      "irmDepletion": 3,
      "rhm": "R-24",
      "rhmDepletion": 6
    },
    "bomb": "2/1",
    "sight": "+0",
    "rwr": "B/-",
    "jam": null,
    "radar": {
      "name": "S-23ML",
      "type": "LD (LTD)",
      "range": 11,
      "modifier": "7+: -2"
    },
    "speeds": {
      "clean": {
        "combat": "4/4/5/-",
        "dash": "5/6/8/-",
        "maneuver": "4/5/6/-"
      },
      "laden": {
        "combat": "3/3/4/-",
        "dash": "4/5/5/-",
        "maneuver": "2/3/3/-"
      }
    },
    "ordnance": [],
    "capabilities": [
      "Night(Ltd)",
      "IRST"
    ],
    "aam": "R-60/60M, R-24"
  },
  "MiG-23BN": {
    "name": "MiG-23BN Flogger H",
    "id": "GDR-MIG-23BN-1",
    "model": "MiG-23BN Flogger H",
    "nation": "GDR",
    "crew": 1,
    "rwy": 2,
    "fuel": 7,
    "notes": "D",
    "weapons": {
      "gun": "23mm",
      "gunDepletion": 4,
      "irm": null,
      "irmDepletion": null,
      "rhm": null,
      "rhmDepletion": null
    },
    "bomb": "3/2",
    "sight": "+1",
    "rwr": "A",
    "jam": "2n",
    "radar": null,
    "speeds": {
      "clean": {
        "combat": "3/4/4/-",
        "dash": "5/5/6/-",
        "maneuver": "4/5/5/-"
      },
      "laden": {
        "combat": "3/3/4/-",
        "dash": "4/4/5/-",
        "maneuver": "2/3/3/-"
      }
    },
    "ordnance": [
      {
        "type": "EOGM",
        "quantity": 1
      }
    ],
    "capabilities": [
      "Night(Ltd)"
    ],
    "aam": ""
  },
  "Su-22M4": {
    "name": "Su-22M4 Fitter K",
    "id": "GDR-SU-22M4-1",
    "model": "Su-22M4 Fitter K",
    "nation": "GDR",
    "crew": 1,
    "rwy": 2,
    "fuel": 8,
    "notes": "B, D, G",
    "weapons": {
      "gun": "30mm",
      "gunDepletion": 4,
      "irm": "R-60",
      "irmDepletion": 8,
      "rhm": null,
      "rhmDepletion": null
    },
    "bomb": "3/2",
    "sight": "+1",
    "rwr": "B",
    "jam": "2n",
    "radar": null,
    "speeds": {
      "clean": {
        "combat": "3/4/5/-",
        "dash": "5/5/7/-",
        "maneuver": "4/5/5/-"
      },
      "laden": {
        "combat": "3/3/3/-",
        "dash": "4/4/4/-",
        "maneuver": "2/2/2/-"
      }
    },
    "ordnance": [
      {
        "type": "EOGM",
        "quantity": 1
      }
    ],
    "capabilities": [
      "Recon"
    ],
    "aam": "R-60"
  },
  "MiG-21R": {
    "name": "MiG-21R Fishbed H",
    "id": "USSR-MIG-21R-1",
    "model": "MiG-21R Fishbed H",
    "nation": "USSR",
    "crew": 1,
    "rwy": 2,
    "fuel": 9,
    "notes": null,
    "weapons": {
      "gun": null,
      "gunDepletion": null,
      "irm": null,
      "irmDepletion": null,
      "rhm": null,
      "rhmDepletion": null
    },
    "bomb": null,
    "sight": null,
    "rwr": "A",
    "jam": "2n",
    "radar": {
      "name": null,
      "type": null,
      "range": null,
      "modifier": null
    },
    "speeds": {
      "clean": {
        "combat": "3/4/5/-",
        "dash": "4/5/7/-",
        "maneuver": "5/6/7/-"
      },
      "laden": null
    },
    "ordnance": [],
    "capabilities": [
      "Recon",
      "Night"
    ],
    "aam": null
  },
  "MiG-21bisN": {
    "name": "MiG-21bis Fishbed N",
    "id": "USSR-MIG-21BISN-1",
    "model": "MiG-21bis Fishbed N",
    "nation": "USSR",
    "crew": 1,
    "rwy": 2,
    "fuel": 6,
    "notes": "A, B, Q, R",
    "weapons": {
      "gun": "23mm",
      "gunDepletion": 4,
      "irm": "R-60",
      "irmDepletion": 6,
      "rhm": "R-3R",
      "rhmDepletion": 6
    },
    "bomb": "1",
    "sight": "+0",
    "rwr": "A",
    "jam": null,
    "radar": {
      "name": "RP-22M",
      "type": "No LD",
      "range": 5,
      "modifier": null
    },
    "speeds": {
      "clean": {
        "combat": "3/4/5/-",
        "dash": "4/5/7/-",
        "maneuver": "5/6/7/-"
      },
      "laden": {
        "combat": "3/3/3/-",
        "dash": "4/4/4/-",
        "maneuver": "2/2/3/-"
      }
    },
    "ordnance": [
      {
        "type": "Chaff",
        "quantity": null
      }
    ],
    "capabilities": [
      "Night(Ltd)"
    ],
    "aam": "R-60, R-3R"
  },
  "MiG-23M": {
    "name": "MiG-23M Flogger B",
    "id": "USSR-MIG-23M-1",
    "model": "MiG-23M Flogger B",
    "nation": "USSR",
    "crew": 1,
    "rwy": 2,
    "fuel": 7,
    "notes": "A, I, Q, R, V",
    "weapons": {
      "gun": "23mm",
      "gunDepletion": 4,
      "irm": "R-60",
      "irmDepletion": 6,
      "rhm": "R-23",
      "rhmDepletion": 6
    },
    "bomb": "2/1",
    "sight": "+0",
    "rwr": "A",
    "jam": null,
    "radar": {
      "name": "S-23D-III",
      "type": "No LD",
      "range": 8,
      "modifier": "6+: -2"
    },
    "speeds": {
      "clean": {
        "combat": "4/4/5/-",
        "dash": "5/6/8/-",
        "maneuver": "4/5/5/-"
      },
      "laden": {
        "combat": "3/3/4/-",
        "dash": "4/5/5/-",
        "maneuver": "2/3/3/-"
      }
    },
    "ordnance": [
      {
        "type": "Chaff",
        "quantity": null
      }
    ],
    "capabilities": [
      "Night(Ltd)",
      "IRST"
    ],
    "aam": "R-60, R-23"
  },
  "MiG-23MLA": {
    "name": "MiG-23MLA Flogger G",
    "id": "USSR-MIG-23MLA-1",
    "model": "MiG-23MLA Flogger G",
    "nation": "USSR",
    "crew": 1,
    "rwy": 2,
    "fuel": 7,
    "notes": "A, D, I, Q, V",
    "weapons": {
      "gun": "23mm",
      "gunDepletion": 4,
      "irm": "R-60M",
      "irmDepletion": 3,
      "rhm": "R-24",
      "rhmDepletion": 6
    },
    "bomb": "2/1",
    "sight": "+0",
    "rwr": "A",
    "jam": null,
    "radar": {
      "name": "S-23ML",
      "type": "LD (LTD)",
      "range": 12,
      "modifier": "8+: -2"
    },
    "speeds": {
      "clean": {
        "combat": "4/4/5/-",
        "dash": "5/6/8/-",
        "maneuver": "4/5/6/-"
      },
      "laden": {
        "combat": "3/3/4/-",
        "dash": "4/5/5/-",
        "maneuver": "2/3/3/-"
      }
    },
    "ordnance": [
      {
        "type": "EOGM",
        "quantity": 1
      }
    ],
    "capabilities": [
      "Night(Ltd)",
      "IRST"
    ],
    "aam": "R-60/60M, R-24"
  },
  "MiG-23MLD": {
    "name": "MiG-23MLD Flogger K",
    "id": "USSR-MIG-23MLD-1",
    "model": "MiG-23MLD Flogger K",
    "nation": "USSR",
    "crew": 1,
    "rwy": 2,
    "fuel": 7,
    "notes": "A, B, H, I, Q, V",
    "weapons": {
      "gun": "23mm",
      "gunDepletion": 4,
      "irm": "R-60M/R-73",
      "irmDepletion": 3,
      "rhm": "R-24",
      "rhmDepletion": 6
    },
    "bomb": "2/1",
    "sight": "+0",
    "rwr": "B",
    "jam": null,
    "radar": {
      "name": "S-23MLA-II",
      "type": "LD (LTD)",
      "range": 12,
      "modifier": "8+: -2"
    },
    "speeds": {
      "clean": {
        "combat": "4/4/5/-",
        "dash": "5/6/8/-",
        "maneuver": "5/5/6/-"
      },
      "laden": {
        "combat": "3/3/4/-",
        "dash": "4/5/5/-",
        "maneuver": "2/3/3/-"
      }
    },
    "ordnance": [
      {
        "type": "EOGM",
        "quantity": 1
      }
    ],
    "capabilities": [
      "Night",
      "IRST"
    ],
    "aam": "R-60M/R-73, R-24"
  },
  "MiG-25RB": {
    "name": "MiG-25RB Foxbat B",
    "id": "USSR-MIG-25RB-1",
    "model": "MiG-25RB Foxbat B",
    "nation": "USSR",
    "crew": 1,
    "rwy": 3,
    "fuel": 10,
    "notes": "I, M, P",
    "weapons": {
      "gun": null,
      "gunDepletion": null,
      "irm": null,
      "irmDepletion": null,
      "rhm": null,
      "rhmDepletion": null
    },
    "bomb": "2/1",
    "sight": "+0",
    "rwr": "A",
    "jam": "3n",
    "radar": null,
    "speeds": {
      "clean": {
        "combat": "4/5/5/5",
        "dash": "5/6/9/11",
        "maneuver": "4/3/3/2"
      },
      "laden": {
        "combat": "3/4/4/-",
        "dash": "5/5/5/-",
        "maneuver": "2/2/2/-"
      }
    },
    "ordnance": [],
    "capabilities": [
      "Radar",
      "Recon",
      "Night"
    ],
    "aam": null
  },
  "MiG-25PD": {
    "name": "MiG-25PD Foxbat E",
    "id": "USSR-MIG-25PD-1",
    "model": "MiG-25PD Foxbat E",
    "nation": "USSR",
    "crew": 1,
    "rwy": 3,
    "fuel": 8,
    "notes": null,
    "weapons": {
      "gun": null,
      "gunDepletion": null,
      "irm": "R-60",
      "irmDepletion": 3,
      "rhm": "R-40",
      "rhmDepletion": 6
    },
    "bomb": null,
    "sight": null,
    "rwr": "A",
    "jam": null,
    "radar": {
      "name": "RP-25MN",
      "type": "LD [TD]",
      "range": 24,
      "modifier": "18+, -2"
    },
    "speeds": {
      "clean": {
        "combat": "4/5/5/-",
        "dash": "5/6/9/-",
        "maneuver": "4/3/3/-"
      },
      "laden": null
    },
    "ordnance": [],
    "capabilities": [
      "Night",
      "IRST"
    ],
    "aam": "R-60M, R-40"
  },
  "MiG-25BM": {
    "name": "MiG-25BM Foxbat F",
    "id": "USSR-MIG-25BM-1",
    "model": "MiG-25BM Foxbat F",
    "nation": "USSR",
    "crew": 1,
    "rwy": 3,
    "fuel": 8,
    "notes": "K, N, O, T",
    "standoffJammingStrength": "8/16/32",
    "weapons": {
      "gun": null,
      "gunDepletion": null,
      "irm": null,
      "irmDepletion": null,
      "rhm": null,
      "rhmDepletion": null
    },
    "bomb": "2",
    "sight": "+0",
    "rwr": "C",
    "jam": "3n",
    "radar": {
      "name": "Synch-M",
      "type": "LD (LTD)",
      "range": 12,
      "modifier": "10+: -2"
    },
    "speeds": {
      "clean": {
        "combat": "4/5/5/-",
        "dash": "5/6/9/-",
        "maneuver": "4/3/3/-"
      },
      "laden": {
        "combat": "3/4/4/-",
        "dash": "5/5/5/-",
        "maneuver": "2/2/2/-"
      }
    },
    "ordnance": [
      {
        "type": "Kh-58",
        "quantity": 2
      }
    ],
    "capabilities": [
      "Night",
      "Standoff",
      "Spot"
    ],
    "aam": null
  },
  "MiG-27M": {
    "name": "MiG-27M Flogger J",
    "id": "USSR-MIG-27M-1",
    "model": "MiG-27M Flogger J",
    "nation": "USSR",
    "crew": 1,
    "rwy": 3,
    "fuel": 7,
    "notes": "I, N, S, V",
    "weapons": {
      "gun": "30mm",
      "gunDepletion": 4,
      "irm": null,
      "irmDepletion": null,
      "rhm": null,
      "rhmDepletion": null
    },
    "bomb": "3/2",
    "sight": "+1",
    "rwr": "B",
    "jam": "2d",
    "radar": null,
    "speeds": {
      "clean": {
        "combat": "3/4/4/-",
        "dash": "4/5/6/-",
        "maneuver": "4/5/5/-"
      },
      "laden": {
        "combat": "3/3/3/-",
        "dash": "4/4/4/-",
        "maneuver": "2/2/3/-"
      }
    },
    "ordnance": [
      {
        "type": "EOGM",
        "quantity": 1
      },
      {
        "type": "Kh-25MP",
        "quantity": 1
      }
    ],
    "capabilities": [
      "Night(Ltd)"
    ],
    "aam": null
  },
  "MiG-27K": {
    "name": "MiG-27K Flogger J2",
    "id": "USSR-MIG-27K-1",
    "model": "MiG-27K Flogger J2",
    "nation": "USSR",
    "crew": 1,
    "rwy": 3,
    "fuel": 7,
    "notes": "I, N, S, V",
    "weapons": {
      "gun": "30mm",
      "gunDepletion": 4,
      "irm": null,
      "irmDepletion": null,
      "rhm": null,
      "rhmDepletion": null
    },
    "bomb": "3/2",
    "sight": "+2",
    "rwr": "B",
    "jam": "2d",
    "radar": null,
    "speeds": {
      "clean": {
        "combat": "3/4/4/-",
        "dash": "4/5/6/-",
        "maneuver": "4/5/5/-"
      },
      "laden": {
        "combat": "3/3/3/-",
        "dash": "4/4/4/-",
        "maneuver": "2/2/3/-"
      }
    },
    "ordnance": [
      {
        "type": "EOGM",
        "quantity": 1
      },
      {
        "type": "Kh-25MP",
        "quantity": 1
      },
      {
        "type": "LGB",
        "quantity": 1
      }
    ],
    "capabilities": [
      "Night(Ltd)"
    ],
    "aam": null
  },
  "MiG-29A": {
    "name": "MiG-29 Fulcrum A",
    "id": "USSR-MIG-29A-1",
    "model": "MiG-29 Fulcrum A",
    "nation": "USSR",
    "crew": 1,
    "rwy": 2,
    "fuel": 4,
    "notes": "C, Q, U",
    "weapons": {
      "gun": "30mm",
      "gunDepletion": 4,
      "irm": "R-73",
      "irmDepletion": 3,
      "rhm": "R-27",
      "rhmDepletion": 6
    },
    "bomb": null,
    "sight": null,
    "rwr": "B",
    "jam": null,
    "radar": {
      "name": "N019",
      "type": "LD",
      "range": 12,
      "modifier": "8+: -1"
    },
    "speeds": {
      "clean": {
        "combat": "4/4/5/-",
        "dash": "5/6/8/-",
        "maneuver": "7/7/8/-"
      },
      "laden": {
        "combat": "4/4/4/-",
        "dash": "4/5/5/-",
        "maneuver": "3/4/4/-"
      }
    },
    "ordnance": [],
    "capabilities": [
      "Night",
      "IRST"
    ],
    "aam": "R-73, R-27"
  },
  "Su-17M3R": {
    "name": "Su-17M3R Fitter H",
    "id": "USSR-SU-17M3R-1",
    "model": "Su-17M3R Fitter H",
    "nation": "USSR",
    "crew": 1,
    "rwy": 2,
    "fuel": 8,
    "notes": "F, M",
    "weapons": {
      "gun": null,
      "gunDepletion": null,
      "irm": null,
      "irmDepletion": null,
      "rhm": null,
      "rhmDepletion": null
    },
    "bomb": null,
    "sight": null,
    "rwr": "A",
    "jam": "2n",
    "radar": null,
    "speeds": {
      "clean": {
        "combat": "3/4/5/-",
        "dash": "4/5/7/-",
        "maneuver": "4/5/5/-"
      },
      "laden": null
    },
    "ordnance": [],
    "capabilities": [
      "Recon"
    ],
    "aam": null
  },
  "Su-17M4": {
    "name": "Su-17M4 Fitter K",
    "id": "USSR-SU-17M4-1",
    "model": "Su-17M4 Fitter K",
    "nation": "USSR",
    "crew": 1,
    "rwy": 2,
    "fuel": 8,
    "notes": "F, I, N, S",
    "weapons": {
      "gun": "30mm",
      "gunDepletion": 4,
      "irm": "R-60",
      "irmDepletion": 6,
      "rhm": null,
      "rhmDepletion": null
    },
    "bomb": "3/2",
    "sight": "+1",
    "rwr": "B",
    "jam": "2n",
    "radar": null,
    "speeds": {
      "clean": {
        "combat": "3/4/5/-",
        "dash": "4/5/7/-",
        "maneuver": "4/5/5/-"
      },
      "laden": {
        "combat": "3/3/3/-",
        "dash": "4/4/4/-",
        "maneuver": "2/2/2/-"
      }
    },
    "ordnance": [
      {
        "type": "EOGM",
        "quantity": 1
      },
      {
        "type": "Kh-25MP",
        "quantity": 1
      },
      {
        "type": "Kh-58",
        "quantity": 1
      }
    ],
    "capabilities": null,
    "aam": null
  },
  "Su-24": {
    "name": "Su-24 Fencer C",
    "id": "USSR-SU-24-1",
    "model": "Su-24 Fencer C",
    "nation": "USSR",
    "crew": 2,
    "rwy": 4,
    "fuel": 10,
    "notes": "I, N, S, V",
    "weapons": {
      "gun": "23mm",
      "gunDepletion": 3,
      "irm": "R-60",
      "irmDepletion": 8,
      "rhm": null,
      "rhmDepletion": null
    },
    "bomb": "5/3",
    "sight": "+2",
    "rwr": "A",
    "jam": "3d",
    "radar": null,
    "speeds": {
      "clean": {
        "combat": "4/4/5/-",
        "dash": "5/5/6/-",
        "maneuver": "4/5/5/-"
      },
      "laden": {
        "combat": "2/3/3/-",
        "dash": "3/4/5/-",
        "maneuver": "2/3/3/-"
      }
    },
    "ordnance": [
      {
        "type": "EOGM",
        "quantity": 2
      },
      {
        "type": "Kh-28M",
        "quantity": 1
      }
    ],
    "capabilities": [
      "Radar",
      "TFR",
      "Night"
    ],
    "aam": "R-60M"
  },
  "Su-24M": {
    "name": "Su-24M Fencer D",
    "id": "USSR-SU-24M-1",
    "model": "Su-24M Fencer D",
    "nation": "USSR",
    "crew": 2,
    "rwy": 4,
    "fuel": 10,
    "notes": "I, N, S, V",
    "weapons": {
      "gun": "23mm",
      "gunDepletion": 3,
      "irm": "R-60",
      "irmDepletion": 8,
      "rhm": null,
      "rhmDepletion": null
    },
    "bomb": "5/3",
    "sight": "+3",
    "rwr": "B",
    "jam": "3d",
    "radar": null,
    "speeds": {
      "clean": {
        "combat": "4/4/5/-",
        "dash": "5/5/6/-",
        "maneuver": "4/5/5/-"
      },
      "laden": {
        "combat": "2/3/3/-",
        "dash": "3/4/5/-",
        "maneuver": "2/3/3/-"
      }
    },
    "ordnance": [
      {
        "type": "EOGM",
        "quantity": 2
      },
      {
        "type": "Kh-25MP",
        "quantity": 2
      },
      {
        "type": "Kh-58",
        "quantity": 1
      },
      {
        "type": "LGB",
        "quantity": 2
      },
      {
        "type": "EOGB",
        "quantity": 1
      }
    ],
    "capabilities": [
      "Radar",
      "TFR",
      "Night"
    ],
    "aam": "R-60M"
  },
  "Su-24MR": {
    "name": "Su-24MR Fencer E",
    "id": "USSR-SU-24MR-1",
    "model": "Su-24MR Fencer E",
    "nation": "USSR",
    "crew": 2,
    "rwy": 4,
    "fuel": 12,
    "notes": "M",
    "weapons": {
      "gun": null,
      "gunDepletion": null,
      "irm": "R-60M",
      "irmDepletion": 8,
      "rhm": null,
      "rhmDepletion": null
    },
    "bomb": null,
    "sight": null,
    "rwr": "B",
    "jam": "3d",
    "radar": null,
    "speeds": {
      "clean": {
        "combat": "4/4/5/-",
        "dash": "5/5/6/-",
        "maneuver": "4/5/5/-"
      },
      "laden": null
    },
    "ordnance": null,
    "capabilities": [
      "Recon",
      "TFR",
      "Night"
    ],
    "aam": "R-60M"
  },
  "Su-24MP": {
    "name": "Su-24MP Fencer F",
    "id": "USSR-SU-24MP-1",
    "model": "Su-24MP Fencer F",
    "nation": "USSR",
    "crew": 2,
    "rwy": 4,
    "fuel": 10,
    "notes": "J, R",
    "standoffJammingStrength": "8/16/32",
    "weapons": {
      "gun": "23mm",
      "gunDepletion": 3,
      "irm": "R-60M",
      "irmDepletion": 8,
      "rhm": null,
      "rhmDepletion": null
    },
    "bomb": null,
    "sight": null,
    "rwr": "C",
    "jam": "3d",
    "radar": null,
    "speeds": {
      "clean": {
        "combat": "4/4/5/-",
        "dash": "5/5/6/-",
        "maneuver": "4/5/5/-"
      },
      "laden": {
        "combat": "2/3/3/-",
        "dash": "3/4/5/-",
        "maneuver": "2/3/3/-"
      }
    },
    "ordnance": [
      {
        "type": "Chaff",
        "quantity": null
      }
    ],
    "capabilities": [
      "Night",
      "Standoff, Spot"
    ],
    "aam": "R-60M"
  },
  "Su-25": {
    "name": "Su-25 Frogfoot A",
    "id": "USSR-SU-25-1",
    "model": "Su-25 Frogfoot A",
    "nation": "USSR",
    "crew": 1,
    "rwy": 3,
    "fuel": 4,
    "notes": "F, S, V, W",
    "weapons": {
      "gun": "30mm",
      "gunDepletion": 4,
      "irm": "R-60M",
      "irmDepletion": 8,
      "rhm": null,
      "rhmDepletion": null
    },
    "bomb": "3",
    "sight": "+1",
    "rwr": "B",
    "jam": null,
    "radar": null,
    "speeds": {
      "clean": {
        "combat": "2/2/2/-",
        "dash": "3/3/3/-",
        "maneuver": "4/5/5/-"
      },
      "laden": {
        "combat": "2/2/2/-",
        "dash": "3/3/3/-",
        "maneuver": "3/3/3/-"
      }
    },
    "ordnance": [
      {
        "type": "EOGM",
        "quantity": 2
      }
    ],
    "capabilities": [],
    "aam": "R-60M"
  },
  "Su-27S": {
    "name": "Su-27S Flanker B",
    "id": "USSR-SU-27S-1",
    "model": "Su-27S Flanker B",
    "nation": "USSR",
    "crew": 1,
    "rwy": 3,
    "fuel": 10,
    "notes": "C, Q",
    "weapons": {
      "gun": "30mm",
      "gunDepletion": 4,
      "irm": "R-73",
      "irmDepletion": 8,
      "rhm": "R-27",
      "rhmDepletion": 6
    },
    "bomb": null,
    "sight": null,
    "rwr": "B",
    "jam": "3d",
    "radar": {
      "name": "N001",
      "type": "Myach LD [24]",
      "range": 24,
      "modifier": "16+, -1"
    },
    "speeds": {
      "clean": {
        "combat": "3/4/5/-",
        "dash": "5/6/7/-",
        "maneuver": "6/7/7/-"
      },
      "laden": {
        "combat": "3/3/4/-",
        "dash": "4/5/5/-",
        "maneuver": "3/4/4/-"
      }
    },
    "ordnance": [],
    "capabilities": [
      "Night",
      "IRST"
    ],
    "aam": "R-73, R-27"
  },
  "Yak-28PP": {
    "name": "Yak-28PP Brewer E",
    "id": "USSR-YAK-28PP-1",
    "model": "Yak-28PP Brewer E",
    "nation": "USSR",
    "crew": 2,
    "rwy": 3,
    "fuel": 10,
    "notes": "K, R, T",
    "standoffJammingStrength": "7/14/28",
    "weapons": {
      "gun": null,
      "gunDepletion": null,
      "irm": null,
      "irmDepletion": null,
      "rhm": null,
      "rhmDepletion": null
    },
    "bomb": null,
    "sight": null,
    "rwr": "B",
    "jam": "3n",
    "radar": null,
    "speeds": {
      "clean": {
        "combat": "3/4/4/-",
        "dash": "4/5/6/-",
        "maneuver": "4/5/5/-"
      },
      "laden": null
    },
    "ordnance": [
      {
        "type": "Chaff",
        "quantity": null
      }
    ],
    "capabilities": [
      "Night",
      "Standoff, Spot"
    ],
    "aam": null
  },
  "An-12PP": {
    "name": "An-12PP Cub C",
    "id": "USSR-AN-12PP-1",
    "model": "An-12PP Cub C",
    "nation": "USSR",
    "crew": 12,
    "rwy": 2,
    "fuel": "U",
    "notes": "J, L, W",
    "standoffJammingStrength": "10/20/40",
    "weapons": {
      "gun": "Rear Gun",
      "gunDepletion": 2,
      "irm": null,
      "irmDepletion": null,
      "rhm": null,
      "rhmDepletion": null
    },
    "bomb": null,
    "sight": null,
    "rwr": "C",
    "jam": "2n",
    "radar": null,
    "speeds": {
      "clean": {
        "combat": "2/2/2/-",
        "dash": "-/-/-/-",
        "maneuver": "1/1/1/-"
      },
      "laden": null
    },
    "ordnance": [],
    "capabilities": [
      "Night",
      "Standoff, Spot"
    ],
    "aam": null
  },
  "IL-76MD": {
    "name": "IL-76MD Candid",
    "id": "USSR-IL-76MD-1",
    "model": "IL-76MD Candid",
    "nation": "USSR",
    "crew": 4,
    "rwy": 5,
    "fuel": "U",
    "notes": "L, W",
    "weapons": {
      "gun": "Rear Gun",
      "gunDepletion": 2,
      "irm": null,
      "irmDepletion": null,
      "rhm": null,
      "rhmDepletion": null
    },
    "bomb": null,
    "sight": null,
    "rwr": "B",
    "jam": null,
    "radar": null,
    "speeds": {
      "clean": {
        "combat": "2/3/3/-",
        "dash": "-/-/-/-",
        "maneuver": "1/1/1/-"
      },
      "laden": null
    },
    "ordnance": [],
    "capabilities": [
      "Night"
    ],
    "aam": null
  },
  "Tu-16K": {
    "name": "Tu-16K Badger G",
    "id": "USSR-TU-16K-1",
    "model": "Tu-16K Badger G",
    "nation": "USSR",
    "crew": 4,
    "rwy": 5,
    "fuel": "U",
    "notes": "G, L, W",
    "weapons": {
      "gun": "Rear Gun",
      "gunDepletion": 4,
      "irm": null,
      "irmDepletion": null,
      "rhm": null,
      "rhmDepletion": null
    },
    "bomb": "9",
    "sight": "+1",
    "rwr": "A",
    "jam": null,
    "radar": null,
    "speeds": {
      "clean": {
        "combat": "3/3/3/-",
        "dash": "4/4/4/-",
        "maneuver": "1/1/1/-"
      },
      "laden": {
        "combat": "3/3/3/-",
        "dash": "3/4/4/-",
        "maneuver": "1/1/1/-"
      }
    },
    "ordnance": [
      {
        "type": "Kh-28M",
        "quantity": 2
      },
      {
        "type": "AS-6",
        "quantity": 2
      }
    ],
    "capabilities": [
      "Radar",
      "Night"
    ],
    "aam": null
  },
  "Tu-16P": {
    "name": "Tu-16P Badger J",
    "id": "USSR-TU-16P-1",
    "model": "Tu-16P Badger J",
    "nation": "USSR",
    "crew": 8,
    "rwy": 5,
    "fuel": "U",
    "notes": "K, L, T, W",
    "standoffJammingStrength": "10/20/40",
    "weapons": {
      "gun": "Rear Gun",
      "gunDepletion": 4,
      "irm": null,
      "irmDepletion": null,
      "rhm": null,
      "rhmDepletion": null
    },
    "bomb": null,
    "sight": null,
    "rwr": "C",
    "jam": "3n",
    "radar": null,
    "speeds": {
      "clean": {
        "combat": "3/3/3/-",
        "dash": "4/4/4/-",
        "maneuver": "1/1/1/-"
      },
      "laden": null
    },
    "ordnance": null,
    "capabilities": [
      "Night",
      "Standoff, Spot"
    ],
    "aam": null
  },
  "Tu-22KPD": {
    "name": "Tu-22KPD Blinder B",
    "id": "USSR-TU-22KPD-1",
    "model": "Tu-22KPD Blinder B",
    "nation": "USSR",
    "crew": 3,
    "rwy": 5,
    "fuel": "U",
    "notes": "L, W",
    "weapons": {
      "gun": "Rear Gun",
      "gunDepletion": 3,
      "irm": null,
      "irmDepletion": null,
      "rhm": null,
      "rhmDepletion": null
    },
    "bomb": "8",
    "sight": "+1",
    "rwr": "A",
    "jam": "2n",
    "radar": null,
    "speeds": {
      "clean": {
        "combat": "3/3/4/-",
        "dash": "4/4/6/-",
        "maneuver": "1/1/1/-"
      },
      "laden": {
        "combat": "3/3/4/-",
        "dash": "4/4/6/-",
        "maneuver": "1/1/1/-"
      }
    },
    "ordnance": null,
    "capabilities": [
      "Radar",
      "Night"
    ],
    "aam": null
  },
  "Tu-22PD": {
    "name": "Tu-22PD Blinder E",
    "id": "USSR-TU-22PD-1",
    "model": "Tu-22PD Blinder E",
    "nation": "USSR",
    "crew": 6,
    "rwy": 5,
    "fuel": "U",
    "notes": "E, K, L, T, W",
    "standoffJammingStrength": "10/20/40",
    "weapons": {
      "gun": "Rear Gun",
      "gunDepletion": 3,
      "irm": null,
      "irmDepletion": null,
      "rhm": null,
      "rhmDepletion": null
    },
    "bomb": null,
    "sight": null,
    "rwr": "A",
    "jam": "2n",
    "radar": null,
    "speeds": {
      "clean": {
        "combat": "3/3/4/-",
        "dash": "4/4/6/-",
        "maneuver": "1/1/1/-"
      },
      "laden": null
    },
    "ordnance": [
      {
        "type": "Chaff",
        "quantity": null
      }
    ],
    "capabilities": [
      "Night",
      "Standoff, Spot"
    ],
    "aam": null
  },
  "AS-6": {
    "name": "AS-6 Kingfish",
    "id": "USSR-AS-6-1",
    "model": "AS-6 Kingfish",
    "nation": "USSR",
    "crew": 0,
    "rwy": null,
    "fuel": null,
    "notes": null,
    "weapons": {
      "gun": null,
      "gunDepletion": null,
      "irm": null,
      "irmDepletion": null,
      "rhm": null,
      "rhmDepletion": null
    },
    "bomb": "2",
    "sight": "+0",
    "rwr": null,
    "jam": null,
    "radar": null,
    "speeds": {
      "clean": {
        "combat": "-/-/12/-",
        "dash": "-/-/-/-",
        "maneuver": "-/3/-/-"
      },
      "laden": null
    },
    "ordnance": [],
    "capabilities": [
      "Night"
    ],
    "aam": null
  },
  "AS-15": {
    "name": "AS-15 Kent",
    "id": "USSR-AS-15-1",
    "model": "AS-15 Kent",
    "nation": "USSR",
    "crew": 0,
    "rwy": null,
    "fuel": null,
    "notes": null,
    "weapons": {
      "gun": null,
      "gunDepletion": null,
      "irm": null,
      "irmDepletion": null,
      "rhm": null,
      "rhmDepletion": null
    },
    "bomb": null,
    "sight": null,
    "rwr": null,
    "jam": null,
    "radar": null,
    "speeds": {
      "clean": {
        "combat": "3/-/-/-",
        "dash": "-/-/-/-",
        "maneuver": "1/-/-/-"
      },
      "laden": null
    },
    "ordnance": [],
    "capabilities": [
      "TFR, Night"
    ],
    "aam": null
  },
  "Mi-8": {
    "name": "Mi-8",
    "id": "USSR-MI-8-1",
    "model": "Mi-8",
    "nation": "USSR",
    "crew": 0,
    "rwy": 0,
    "fuel": 0,
    "notes": null,
    "weapons": {},
    "speeds": {},
    "ordnance": [],
    "capabilities": [
      "CSAR"
    ],
    "aam": null
  }
}
