{
  "_comment": "NATO OOB Tables (A2-F2) - Baltic Approaches Order of Battle Data",
  "_version": "1.0.0",
  "_created": "2025-11-19",
  "_description": "NATO OOB tables for Baltic Approaches module",
  "_date_ranges": [
    "15-20 May",
    "21-31 May",
    "1-15 June"
  ],
  "A2": {
    "name": "NATO Table A2 - QRA Flight",
    "faction": "NATO",
    "description": "NATO QRA Flight - Quick Reaction Alert flights sitting on- or off-map",
    "flightSize": 2,
    "result": "1 x {2} [QRA], CAP",
    "hasDate": true,
    "setupEntry": {
      "text": "DK (1-4 Skrydstrup, 5-6 Beldringe, 7-10 V\u00e6rl\u00f8se); FRG (1-3 Husum, 4-6 Schleswig, 7-10 Hohn); NE (any west edge hex). If these airfields are not on-map or closed, enter any west edge hex (FRG) or north edge hex (DK). Set up in Ready status if at on-map airfield."
    },
    "dateRanges": {
      "15-20 May": {
        "nations": {
          "1-5": {
            "name": "DK",
            "aircraft": {
              "1-10": {
                "name": "F-16A",
                "aircraftId": "BE-F-16A-BE-CA-NE-1"
              }
            }
          },
          "6-8": {
            "name": "FRG",
            "aircraft": {
              "1-10": {
                "name": "F-4F",
                "aircraftId": "FRG-F-4F-1"
              }
            }
          },
          "9-10": {
            "name": "NE",
            "aircraft": {
              "1-10": {
                "name": "F-16A",
                "aircraftId": "BE-F-16A-BE-CA-NE-1"
              }
            }
          }
        }
      },
      "21-31 May": {
        "nations": {
          "7": {
            "name": "FRG",
            "aircraft": {
              "1-10": {
                "name": "F-4F",
                "aircraftId": "FRG-F-4F-1"
              }
            }
          },
          "1-6": {
            "name": "DK",
            "aircraft": {
              "1-10": {
                "name": "F-16A",
                "aircraftId": "BE-F-16A-BE-CA-NE-1"
              }
            }
          },
          "8-10": {
            "name": "NE",
            "aircraft": {
              "1-10": {
                "name": "F-16A",
                "aircraftId": "BE-F-16A-BE-CA-NE-1"
              }
            }
          }
        }
      },
      "1-15 June": {
        "nations": {
          "7": {
            "name": "FRG",
            "aircraft": {
              "1-10": {
                "name": "F-4F",
                "aircraftId": "FRG-F-4F-1"
              }
            }
          },
          "1-6": {
            "name": "DK",
            "aircraft": {
              "1-10": {
                "name": "F-16A",
                "aircraftId": "BE-F-16A-BE-CA-NE-1"
              }
            }
          },
          "8-10": {
            "name": "NE",
            "aircraft": {
              "1-10": {
                "name": "F-16A",
                "aircraftId": "BE-F-16A-BE-CA-NE-1"
              }
            }
          }
        }
      }
    }
  },
  "A2-SE": {
    "name": "NATO Table A2-SE - SE QRA Flight",
    "faction": "NATO",
    "description": "Swedish Air Force QRA flights on alert",
    "flightSize": 2,
    "result": "1 x {2} [QRA], CAP",
    "hasDate": false,
    "setupEntry": {
      "text": "1-2 Ljungbyhed, 3-4 Everod, 5+ SE Entry Points. Set up in Ready status if at on-map airfield."
    },
    "nations": {
      "1-10": {
        "name": "SE",
        "aircraft": {
          "1-5": {
            "name": "J-35F2",
            "aircraftId": "SE-J-35F2-DRAKEN-1"
          },
          "6-10": {
            "name": "JA-37",
            "aircraftId": "SE-JA-37-VIGGEN-1"
          }
        }
      }
    }
  },
  "B2": {
    "name": "NATO Table B2 - CAP Flight",
    "faction": "NATO",
    "description": "NATO CAP Flight - Flights in the air at designated Orbit Points",
    "flightSize": 2,
    "result": "1 x {2} [CAP], CAP",
    "hasDate": true,
    "setupEntry": {
      "text": "Unless otherwise specified, CAP flights may set up within two hexes of a friendly Orbit Point"
    },
    "dateRanges": {
      "15-20 May": {
        "nations": {
          "1-3": {
            "name": "DK",
            "aircraft": {
              "1-10": {
                "name": "F-16A",
                "aircraftId": "BE-F-16A-BE-CA-NE-1"
              }
            }
          },
          "4-5": {
            "name": "FRG",
            "aircraft": {
              "1-10": {
                "name": "F-4F",
                "aircraftId": "FRG-F-4F-1"
              }
            }
          },
          "6-8": {
            "name": "US",
            "aircraft": {
              "1-6": {
                "name": "F-15C",
                "aircraftId": "US-F-15C-1"
              },
              "7-10": {
                "name": "F-4E",
                "aircraftId": "US-F-4E-1"
              }
            }
          },
          "9-10": {
            "name": "NE",
            "aircraft": {
              "1-10": {
                "name": "F-16A",
                "aircraftId": "BE-F-16A-BE-CA-NE-1"
              }
            }
          }
        }
      },
      "21-31 May": {
        "nations": {
          "4": {
            "name": "FRG",
            "aircraft": {
              "1-10": {
                "name": "F-4F",
                "aircraftId": "FRG-F-4F-1"
              }
            }
          },
          "10": {
            "name": "NE",
            "aircraft": {
              "1-10": {
                "name": "F-16A",
                "aircraftId": "BE-F-16A-BE-CA-NE-1"
              }
            }
          },
          "1-3": {
            "name": "DK",
            "aircraft": {
              "1-10": {
                "name": "F-16A",
                "aircraftId": "BE-F-16A-BE-CA-NE-1"
              }
            }
          },
          "5-9": {
            "name": "US",
            "aircraft": {
              "1-6": {
                "name": "F-15C",
                "aircraftId": "US-F-15C-1"
              },
              "7-10": {
                "name": "F-4E",
                "aircraftId": "US-F-4E-1"
              }
            }
          }
        }
      },
      "1-15 June": {
        "nations": {
          "3": {
            "name": "FRG",
            "aircraft": {
              "1-10": {
                "name": "F-4F",
                "aircraftId": "FRG-F-4F-1"
              }
            }
          },
          "10": {
            "name": "NE",
            "aircraft": {
              "1-10": {
                "name": "F-16A",
                "aircraftId": "BE-F-16A-BE-CA-NE-1"
              }
            }
          },
          "1-2": {
            "name": "DK",
            "aircraft": {
              "1-10": {
                "name": "F-16A",
                "aircraftId": "BE-F-16A-BE-CA-NE-1"
              }
            }
          },
          "4-9": {
            "name": "US",
            "aircraft": {
              "6": {
                "name": "F-4E",
                "aircraftId": "US-F-4E-1"
              },
              "1-5": {
                "name": "F-15C",
                "aircraftId": "US-F-15C-1"
              },
              "7-10": {
                "name": "F-14A",
                "aircraftId": "US-F-14A-1"
              }
            }
          }
        }
      }
    }
  },
  "C2": {
    "name": "NATO Table C2 - CAS Raid",
    "faction": "NATO",
    "description": "NATO CAS Raid - Close Air Support package with CAP, SEAD, and Bombing flights",
    "hasTasking": true,
    "hasDate": true,
    "ordnanceNote": "SEAD flights may change task to CAP as soon as all air-to-ground ordnance is expended or jettisoned.",
    "result": "3 x {2} [SEAD], SEAD; 2-3 x {2} [CAP] or [SEAD]; 4-7 x {2} [Bombing] or [SEAD]",
    "taskings": {
      "SEAD": {
        "dateRanges": {
          "15-20 May": {
            "nations": {
              "1": {
                "name": "DK",
                "aircraft": {
                  "1-10": {
                    "name": "F-35XD Draken<sup>2</sup>",
                    "aircraftId": null
                  }
                }
              },
              "2-3": {
                "name": "FRG",
                "aircraft": {
                  "1-10": {
                    "name": "F-4F",
                    "aircraftId": "FRG-F-4F-1"
                  }
                }
              },
              "4-7": {
                "name": "NE",
                "aircraft": {
                  "1-10": {
                    "name": "F-16A",
                    "aircraftId": "BE-F-16A-BE-CA-NE-1"
                  }
                }
              },
              "8-10": {
                "name": "US",
                "aircraft": {
                  "1-10": {
                    "name": "F-16C",
                    "aircraftId": "US-F-16C-1"
                  }
                }
              }
            }
          },
          "21-31 May": {
            "nations": {
              "1": {
                "name": "DK",
                "aircraft": {
                  "1-10": {
                    "name": "F-35XD Draken<sup>2</sup>",
                    "aircraftId": null
                  }
                }
              },
              "2": {
                "name": "UK",
                "aircraft": {
                  "1-10": {
                    "name": "Jaguar GR1A<sup>2</sup>",
                    "aircraftId": null
                  }
                }
              },
              "3-4": {
                "name": "FRG",
                "aircraft": {
                  "1-10": {
                    "name": "F-4F",
                    "aircraftId": "FRG-F-4F-1"
                  }
                }
              },
              "5-6": {
                "name": "NE",
                "aircraft": {
                  "1-10": {
                    "name": "F-16A",
                    "aircraftId": "BE-F-16A-BE-CA-NE-1"
                  }
                }
              },
              "7-10": {
                "name": "US",
                "aircraft": {
                  "1-4": {
                    "name": "F-16C",
                    "aircraftId": "US-F-16C-1"
                  },
                  "5-10": {
                    "name": "F-16A",
                    "aircraftId": "BE-F-16A-BE-CA-NE-1"
                  }
                }
              }
            }
          },
          "1-15 June": {
            "nations": {
              "1": {
                "name": "UK",
                "aircraft": {
                  "1-10": {
                    "name": "Jaguar GR1A<sup>2</sup>",
                    "aircraftId": null
                  }
                }
              },
              "2-3": {
                "name": "FRG",
                "aircraft": {
                  "1-10": {
                    "name": "F-4F",
                    "aircraftId": "FRG-F-4F-1"
                  }
                }
              },
              "4-5": {
                "name": "NE",
                "aircraft": {
                  "1-10": {
                    "name": "F-16A",
                    "aircraftId": "BE-F-16A-BE-CA-NE-1"
                  }
                }
              },
              "6-10": {
                "name": "US",
                "aircraft": {
                  "1-4": {
                    "name": "F-16C",
                    "aircraftId": "US-F-16C-1"
                  },
                  "5-7": {
                    "name": "F-16A",
                    "aircraftId": "BE-F-16A-BE-CA-NE-1"
                  },
                  "8-10": {
                    "name": "F/A-18A (USMC)",
                    "aircraftId": "US-F-A-18A-1"
                  }
                }
              }
            }
          }
        }
      },
      "Bombing": {
        "dateRanges": {
          "15-20 May": {
            "nations": {
              "1": {
                "name": "DK",
                "aircraft": {
                  "1-10": {
                    "name": "F-35XD Draken",
                    "aircraftId": "DK-F-35XD-DRAKEN-1"
                  }
                }
              },
              "10": {
                "name": "NE",
                "aircraft": {
                  "1-10": {
                    "name": "F-16A",
                    "aircraftId": "BE-F-16A-BE-CA-NE-1"
                  }
                }
              },
              "2-5": {
                "name": "FRG",
                "aircraft": {
                  "1-3": {
                    "name": "Tornado IDS",
                    "aircraftId": "FRG-TORNADO-IDS-1"
                  },
                  "4-6": {
                    "name": "Alpha",
                    "aircraftId": "FRG-ALPHA-JET-A-1"
                  },
                  "7-10": {
                    "name": "F-4F",
                    "aircraftId": "FRG-F-4F-1"
                  }
                }
              },
              "6-9": {
                "name": "US",
                "aircraft": {
                  "1-5": {
                    "name": "F-4E",
                    "aircraftId": "US-F-4E-1"
                  },
                  "6-10": {
                    "name": "F-16C",
                    "aircraftId": "US-F-16C-1"
                  }
                }
              }
            }
          },
          "21-31 May": {
            "nations": {
              "1": {
                "name": "DK",
                "aircraft": {
                  "1-10": {
                    "name": "F-35XD Draken",
                    "aircraftId": "DK-F-35XD-DRAKEN-1"
                  }
                }
              },
              "2": {
                "name": "UK",
                "aircraft": {
                  "1-10": {
                    "name": "Jaguar GR1A",
                    "aircraftId": "UK-JAGUAR-GR-1A-1"
                  }
                }
              },
              "10": {
                "name": "NE",
                "aircraft": {
                  "1-10": {
                    "name": "F-16A",
                    "aircraftId": "BE-F-16A-BE-CA-NE-1"
                  }
                }
              },
              "3-4": {
                "name": "FRG",
                "aircraft": {
                  "1-3": {
                    "name": "Tornado IDS",
                    "aircraftId": "FRG-TORNADO-IDS-1"
                  },
                  "4-6": {
                    "name": "Alpha",
                    "aircraftId": "FRG-ALPHA-JET-A-1"
                  },
                  "7-10": {
                    "name": "F-4F",
                    "aircraftId": "FRG-F-4F-1"
                  }
                }
              },
              "5-9": {
                "name": "US",
                "aircraft": {
                  "1-4": {
                    "name": "A-10A",
                    "aircraftId": "US-A-10A-1"
                  },
                  "5-7": {
                    "name": "F-16C",
                    "aircraftId": "US-F-16C-1"
                  },
                  "8-10": {
                    "name": "F-16A",
                    "aircraftId": "BE-F-16A-BE-CA-NE-1"
                  }
                }
              }
            }
          },
          "1-15 June": {
            "nations": {
              "10": {
                "name": "UK/NE",
                "aircraft": {
                  "1-5": {
                    "name": "Jaguar GR1A (UK)",
                    "aircraftId": "UK-JAGUAR-GR-1A-1"
                  },
                  "6-10": {
                    "name": "F-16A (NE)",
                    "aircraftId": "DK-F-16A-DK-1"
                  }
                }
              },
              "1-3": {
                "name": "FRG",
                "aircraft": {
                  "1-3": {
                    "name": "Tornado IDS",
                    "aircraftId": "FRG-TORNADO-IDS-1"
                  },
                  "4-6": {
                    "name": "Alpha",
                    "aircraftId": "FRG-ALPHA-JET-A-1"
                  },
                  "7-10": {
                    "name": "F-4F",
                    "aircraftId": "FRG-F-4F-1"
                  }
                }
              },
              "4-9": {
                "name": "US",
                "aircraft": {
                  "1-4": {
                    "name": "A-10A",
                    "aircraftId": "US-A-10A-1"
                  },
                  "5-7": {
                    "name": "AV-8B (USMC)",
                    "aircraftId": "US-AV-8B-1"
                  },
                  "8-10": {
                    "name": "F-16A",
                    "aircraftId": "BE-F-16A-BE-CA-NE-1"
                  }
                }
              }
            }
          }
        }
      }
    },
    "ordnanceRolls": {
      "SEAD": {
        "1-4": "Bombs/CBU/Rockets",
        "5-7": "Bombs/CBU/Rockets + EOGM",
        "8-10": "Bombs/CBU/Rockets + EOGM + LGB/EOGB"
      },
      "Bombing": {
        "1-4": "Bombs/CBU/Rockets",
        "5-7": "Bombs/CBU/Rockets + EOGM",
        "8-10": "Bombs/CBU/Rockets + EOGM + LGB/EOGB"
      }
    }
  },
  "D2": {
    "name": "NATO Table D2 - Deep Strike Raid",
    "faction": "NATO",
    "description": "NATO Deep Strike Raid - Packages of flights tasked with going into East Germany to hit targets deep behind WP lines",
    "hasTasking": true,
    "hasDate": false,
    "ordnanceNote": "All aircraft use lower bomb point load, if applicable. Bombing and SEAD flights may only carry Bombs, ARM, EOGM, EOGB, LGB, or ASM ordnance. Recon flights may only carry air-to-air missiles and guns.",
    "result": "1 x {1} [Escort Jamming]; 4 x {2} [CAP]; 3 x {2} [SEAD]; 4 x {4} [Bombing]; 2 x {2} [Recon]",
    "taskings": {
      "Escort Jamming": {
        "flightSize": 1,
        "flightCount": 1,
        "nations": {
          "1-10": {
            "name": "US",
            "aircraft": {
              "1-10": {
                "name": "EF-111A",
                "aircraftId": "US-EF-111A-1"
              }
            }
          }
        }
      },
      "CAP": {
        "flightSize": 2,
        "flightCount": 4,
        "nations": {
          "1-3": {
            "name": "FRG",
            "aircraft": {
              "1-10": {
                "name": "F-4F",
                "aircraftId": "FRG-F-4F-1"
              }
            }
          },
          "4-10": {
            "name": "US",
            "aircraft": {
              "1-6": {
                "name": "F-15C",
                "aircraftId": "US-F-15C-1"
              },
              "7-10": {
                "name": "F-4E",
                "aircraftId": "US-F-4E-1"
              }
            }
          }
        }
      },
      "SEAD": {
        "flightSize": 2,
        "flightCount": 3,
        "nations": {
          "1-2": {
            "name": "FRG",
            "aircraft": {
              "1-10": {
                "name": "F-4F",
                "aircraftId": "FRG-F-4F-1"
              }
            }
          },
          "3-4": {
            "name": "UK",
            "aircraft": {
              "1-10": {
                "name": "Jaguar GR1A",
                "aircraftId": "UK-JAGUAR-GR-1A-1"
              }
            }
          },
          "5-10": {
            "name": "US",
            "aircraft": {
              "1-5": {
                "name": "F-16C",
                "aircraftId": "US-F-16C-1"
              },
              "6-10": {
                "name": "F-4E",
                "aircraftId": "US-F-4E-1"
              }
            }
          }
        }
      },
      "Bombing": {
        "flightSize": 4,
        "flightCount": 4,
        "nations": {
          "1-4": {
            "name": "FRG",
            "aircraft": {
              "1-7": {
                "name": "Tornado IDS",
                "aircraftId": "FRG-TORNADO-IDS-1"
              },
              "8-10": {
                "name": "F-4F",
                "aircraftId": "FRG-F-4F-1"
              }
            }
          },
          "5-10": {
            "name": "US",
            "aircraft": {
              "1-5": {
                "name": "F-111E",
                "aircraftId": "US-F-111D-E-1"
              },
              "6-10": {
                "name": "F-4E",
                "aircraftId": "US-F-4E-1"
              }
            }
          }
        }
      },
      "Recon": {
        "flightSize": 2,
        "flightCount": 2,
        "nations": {
          "1-6": {
            "name": "FRG",
            "aircraft": {
              "1-10": {
                "name": "RF-4E",
                "aircraftId": "FRG-RF-4E-1"
              }
            }
          },
          "7-10": {
            "name": "US",
            "aircraft": {
              "1-10": {
                "name": "RF-4C",
                "aircraftId": "US-RF-4C-1"
              }
            }
          }
        }
      }
    },
    "ordnanceRolls": {
      "SEAD": {
        "1-4": "Bombs/CBU/Rockets",
        "5-7": "Bombs/CBU/Rockets + EOGM",
        "8-10": "Bombs/CBU/Rockets + EOGM + LGB/EOGB"
      },
      "Bombing": {
        "1-4": "Bombs/CBU/Rockets",
        "5-7": "Bombs/CBU/Rockets + EOGM",
        "8-10": "Bombs/CBU/Rockets + EOGM + LGB/EOGB"
      }
    }
  },
  "D3": {
    "name": "NATO Table D3 - Naval Strike Raid",
    "faction": "NATO",
    "description": "NATO Naval Strike Raid - Specialized naval strike aircraft and support flights",
    "hasNationalityByDate": true,
    "hasDate": true,
    "ordnanceNote": "All aircraft use lower bomb point load, if applicable. Bombing and SEAD flights may only carry Bombs, ARM, EOGM, EOGB, LGB, or ASM ordnance. Recon flights may only carry air-to-air missiles and guns, if capable.",
    "nationalityRolls": {
      "15-31 May": {
        "1-4": {
          "nationality": "FRG/DK",
          "flights": [
            {
              "type": "CAP",
              "flightSize": 2,
              "flightCount": 4,
              "aircraft": {
                "name": "F-16A (DK)",
                "aircraftId": "DK-F-16A-DK-1"
              },
              "nationality": "DK"
            },
            {
              "type": "Maritime Patrol",
              "flightSize": 1,
              "flightCount": 1,
              "aircraft": {
                "name": "BR.1150 Atlantic 2",
                "aircraftId": "FRG-BR-1150-ATLANTIC-2-1"
              },
              "nationality": "FRG"
            },
            {
              "type": "SEAD",
              "flightSize": 2,
              "flightCount": 3,
              "aircraft": {
                "name": "Tornado IDS (Navy)",
                "aircraftId": "UK-TORNADO-IDS-NAVY-1"
              },
              "nationality": "FRG"
            },
            {
              "type": "Naval Strike",
              "flightSize": 4,
              "flightCount": 3,
              "aircraft": {
                "name": "Tornado IDS (Navy)",
                "aircraftId": "UK-TORNADO-IDS-NAVY-1"
              },
              "nationality": "FRG"
            },
            {
              "type": "Recon",
              "flightSize": 1,
              "flightCount": 2,
              "aircraft": {
                "name": "RF-35XD Draken",
                "aircraftId": "DK-RF-35XD-DRAKEN-1"
              },
              "nationality": "DK"
            }
          ]
        },
        "5-7": {
          "nationality": "UK(RAF)",
          "flights": [
            {
              "type": "CAP",
              "flightSize": 2,
              "flightCount": 4,
              "aircraft": {
                "name": "FGR2",
                "aircraftId": "UK-PHANTOM-FGR-2-1"
              },
              "nationality": "UK"
            },
            {
              "type": "Maritime Patrol",
              "flightSize": 1,
              "flightCount": 1,
              "aircraft": {
                "name": "Nimrod MR2",
                "aircraftId": "UK-NIMROD-MR-2-1"
              },
              "nationality": "UK"
            },
            {
              "type": "SEAD",
              "flightSize": 2,
              "flightCount": 3,
              "aircraft": {
                "name": "Buccaneer S2B",
                "aircraftId": "UK-BUCCANEER-S-2B-1"
              },
              "nationality": "UK"
            },
            {
              "type": "Naval Strike",
              "flightSize": 4,
              "flightCount": 3,
              "aircraft": {
                "name": "Buccaneer S2",
                "aircraftId": "UK-BUCCANEER-S-2B-1"
              },
              "nationality": "UK"
            },
            {
              "type": "Recon",
              "flightSize": 1,
              "flightCount": 2,
              "aircraft": {
                "name": "Jaguar GR1A",
                "aircraftId": "UK-JAGUAR-GR-1A-1"
              },
              "nationality": "UK"
            }
          ]
        },
        "8-10": {
          "nationality": "USAF",
          "flights": [
            {
              "type": "CAP",
              "flightSize": 2,
              "flightCount": 4,
              "aircraft": {
                "name": "F-15C",
                "aircraftId": "US-F-15C-1"
              },
              "nationality": "US"
            },
            {
              "type": "Maritime Patrol",
              "flightSize": 1,
              "flightCount": 1,
              "aircraft": {
                "name": "P-3C",
                "aircraftId": "US-P-3C-1"
              },
              "nationality": "US"
            },
            {
              "type": "Escort Jamming",
              "flightSize": 1,
              "flightCount": 2,
              "aircraft": {
                "name": "EF-111A",
                "aircraftId": "US-EF-111A-1"
              },
              "nationality": "US"
            },
            {
              "type": "SEAD",
              "flightSize": 2,
              "flightCount": 3,
              "aircraft": {
                "name": "F-16C",
                "aircraftId": "US-F-16C-1"
              },
              "nationality": "US"
            },
            {
              "type": "Naval Strike",
              "flightSize": 4,
              "flightCount": 3,
              "aircraft": {
                "name": "F-111E",
                "aircraftId": "US-F-111D-E-1"
              },
              "nationality": "US"
            },
            {
              "type": "Recon",
              "flightSize": 1,
              "flightCount": 2,
              "aircraft": {
                "name": "RF-4C",
                "aircraftId": "US-RF-4C-1"
              },
              "nationality": "US"
            }
          ]
        }
      },
      "1-15 June": {
        "4": {
          "nationality": "UK(RN)",
          "flights": [
            {
              "type": "CAP",
              "flightSize": 2,
              "flightCount": 4,
              "aircraft": {
                "name": "FGR2",
                "aircraftId": "UK-PHANTOM-FGR-2-1"
              },
              "nationality": "UK"
            },
            {
              "type": "Maritime Patrol",
              "flightSize": 1,
              "flightCount": 1,
              "aircraft": {
                "name": "Nimrod MR2",
                "aircraftId": "UK-NIMROD-MR-2-1"
              },
              "nationality": "UK"
            },
            {
              "type": "SEAD",
              "flightSize": 2,
              "flightCount": 3,
              "aircraft": {
                "name": "Harrier FRS1",
                "aircraftId": "UK-SEA-HARRIER-FRS-1-1"
              },
              "nationality": "UK"
            },
            {
              "type": "Naval Strike",
              "flightSize": 4,
              "flightCount": 3,
              "aircraft": {
                "name": "Harrier FRS1",
                "aircraftId": "UK-SEA-HARRIER-FRS-1-1"
              },
              "nationality": "UK"
            },
            {
              "type": "Recon",
              "flightSize": 1,
              "flightCount": 2,
              "aircraft": {
                "name": "Jaguar GR1A",
                "aircraftId": "UK-JAGUAR-GR-1A-1"
              },
              "nationality": "UK"
            }
          ]
        },
        "1-3": {
          "nationality": "FRG/DK",
          "flights": [
            {
              "type": "CAP",
              "flightSize": 2,
              "flightCount": 4,
              "aircraft": {
                "name": "F-4F",
                "aircraftId": "FRG-F-4F-1"
              },
              "nationality": "FRG"
            },
            {
              "type": "Maritime Patrol",
              "flightSize": 1,
              "flightCount": 1,
              "aircraft": {
                "name": "BR.1150 Atlantic 2",
                "aircraftId": "FRG-BR-1150-ATLANTIC-2-1"
              },
              "nationality": "FRG"
            },
            {
              "type": "SEAD",
              "flightSize": 2,
              "flightCount": 3,
              "aircraft": {
                "name": "F-35XD Draken",
                "aircraftId": "DK-F-35XD-DRAKEN-1"
              },
              "nationality": "DK"
            },
            {
              "type": "Naval Strike",
              "flightSize": 4,
              "flightCount": 3,
              "aircraft": {
                "name": "Tornado IDS (Navy)",
                "aircraftId": "UK-TORNADO-IDS-NAVY-1"
              },
              "nationality": "FRG"
            },
            {
              "type": "Recon",
              "flightSize": 1,
              "flightCount": 2,
              "aircraft": {
                "name": "RF-35XD Draken",
                "aircraftId": "DK-RF-35XD-DRAKEN-1"
              },
              "nationality": "DK"
            }
          ]
        },
        "5-7": {
          "nationality": "USN",
          "flights": [
            {
              "type": "CAP",
              "flightSize": 2,
              "flightCount": 4,
              "aircraft": {
                "name": "F-14A",
                "aircraftId": "US-F-14A-1"
              },
              "nationality": "US"
            },
            {
              "type": "Maritime Patrol",
              "flightSize": 1,
              "flightCount": 1,
              "aircraft": {
                "name": "S-3A",
                "aircraftId": "US-S-3A-1"
              },
              "nationality": "US"
            },
            {
              "type": "Escort Jamming",
              "flightSize": 1,
              "flightCount": 2,
              "aircraft": {
                "name": "EA-6B",
                "aircraftId": "US-EA-6B-1"
              },
              "nationality": "US"
            },
            {
              "type": "SEAD",
              "flightSize": 2,
              "flightCount": 3,
              "aircraft": {
                "name": "A-6E",
                "aircraftId": "US-A-6E-1"
              },
              "nationality": "US"
            },
            {
              "type": "Naval Strike",
              "flightSize": 4,
              "flightCount": 3,
              "aircraft": {
                "name": "A-7E",
                "aircraftId": "US-A-7E-1"
              },
              "nationality": "US"
            },
            {
              "type": "Recon",
              "flightSize": 1,
              "flightCount": 2,
              "aircraft": {
                "name": "F-14A",
                "aircraftId": "US-F-14A-1"
              },
              "nationality": "US"
            }
          ]
        },
        "8-10": {
          "nationality": "USMC",
          "flights": [
            {
              "type": "CAP",
              "flightSize": 2,
              "flightCount": 4,
              "aircraft": {
                "name": "F/A-18A",
                "aircraftId": "US-F-A-18A-1"
              },
              "nationality": "US"
            },
            {
              "type": "Maritime Patrol",
              "flightSize": 1,
              "flightCount": 1,
              "aircraft": {
                "name": "S-3A",
                "aircraftId": "US-S-3A-1"
              },
              "nationality": "US"
            },
            {
              "type": "Escort Jamming",
              "flightSize": 1,
              "flightCount": 2,
              "aircraft": {
                "name": "EA-6B",
                "aircraftId": "US-EA-6B-1"
              },
              "nationality": "US"
            },
            {
              "type": "SEAD",
              "flightSize": 2,
              "flightCount": 3,
              "aircraft": {
                "name": "F/A-18A",
                "aircraftId": "US-F-A-18A-1"
              },
              "nationality": "US"
            },
            {
              "type": "Naval Strike",
              "flightSize": 4,
              "flightCount": 3,
              "aircraft": {
                "name": "A-6E",
                "aircraftId": "US-A-6E-1"
              },
              "nationality": "US"
            },
            {
              "type": "Recon",
              "flightSize": 1,
              "flightCount": 2,
              "aircraft": {
                "name": "RF-4B",
                "aircraftId": "US-RF-4B-1"
              },
              "nationality": "US"
            }
          ]
        }
      }
    }
  },
  "E2": {
    "name": "NATO Table E2 - Combat Rescue",
    "faction": "NATO",
    "description": "NATO Combat Rescue - Combat Search and Rescue (CSAR) operations",
    "hasNationality": true,
    "hasDate": false,
    "ordnanceNote": "All flights tasked with Rescue Support may carry any ordnance allowed for the specific aircraft type.",
    "setupEntry": {
      "text": "Nationality: Determined by where the crew is located. Land Hex in: West/East Germany (FRG raid), Denmark (DK raid), Sweden (SE raid). If in overlapping areas, NATO player choice."
    },
    "nationalities": {
      "FRG": {
        "name": "FRG Combat Rescue Raid",
        "flights": [
          {
            "type": "Rescue Support",
            "flightSize": 2,
            "flightCount": 2,
            "aircraft": {
              "1-8": {
                "name": "Alpha Jet",
                "aircraftId": "FRG-ALPHA-JET-A-1"
              },
              "9-10": {
                "name": "F-4F",
                "aircraftId": "FRG-F-4F-1"
              }
            }
          },
          {
            "type": "CSAR",
            "flightSize": 2,
            "flightCount": 2,
            "description": "CH-53 (Land Hex); Mk41 Sea King (Sea Hex)",
            "aircraft": {
              "land": {
                "name": "CH-53",
                "aircraftId": "FRG-CH-53-1"
              },
              "sea": {
                "name": "Mk41 Sea King",
                "aircraftId": "FRG-MK-41-SEA-KING-1"
              }
            }
          }
        ]
      },
      "DK": {
        "name": "DK Combat Rescue Raid",
        "flights": [
          {
            "type": "CSAR",
            "flightSize": 1,
            "flightCount": 2,
            "aircraft": {
              "1-10": {
                "name": "S-61",
                "aircraftId": "DK-S-61-1"
              }
            }
          }
        ]
      },
      "SE": {
        "name": "SE Combat Rescue Raid",
        "flights": [
          {
            "type": "CSAR",
            "flightSize": 1,
            "flightCount": 2,
            "aircraft": {
              "1-10": {
                "name": "HKP-4D",
                "aircraftId": "SE-HKP-4D-1"
              }
            }
          }
        ]
      }
    }
  },
  "F2": {
    "name": "NATO Table F2 - Maritime Patrol",
    "faction": "NATO",
    "description": "Maritime Patrol missions",
    "hasDate": false,
    "flightSize": 1,
    "flightCount": 1,
    "result": "1 x {1} [Maritime Patrol], Maritime Patrol",
    "nations": {
      "1": {
        "name": "US",
        "aircraft": {
          "1-10": {
            "name": "P-3C",
            "aircraftId": "US-P-3C-1"
          }
        }
      },
      "2-3": {
        "name": "NE",
        "aircraft": {
          "1-10": {
            "name": "P-3C Orion",
            "aircraftId": "US-P-3C-1"
          }
        }
      },
      "4-7": {
        "name": "FRG",
        "aircraft": {
          "1-10": {
            "name": "BR.1150 Atlantic 2",
            "aircraftId": "FRG-BR-1150-ATLANTIC-2-1"
          }
        }
      },
      "8-10": {
        "name": "UK",
        "aircraft": {
          "1-10": {
            "name": "Nimrod MR2",
            "aircraftId": "UK-NIMROD-MR-2-1"
          }
        }
      }
    }
  }
}
