{
  "_Comment": "NATO Surface-to-Surface Missile data for Baltic Approaches",
  "_version": "1.0.0",
  "_created": "2026-01-24",
  "_description": "NATO SSM specifications from Table 35.9",
  "Harpoon": {
    "Rng": 22,
    "Min": 2,
    "Spd": 4,
    "Alt": "Deck",
    "DmgMod": "+1",
    "EW": "C",
    "Sight": "+2",
    "Size": "S",
    "AttackProfile": "Level at Deck"
  },
  "Exocet": {
    "Rng": 10,
    "Min": 2,
    "Spd": 4,
    "Alt": "Deck",
    "DmgMod": "+0",
    "EW": "B",
    "Sight": "+1",
    "Size": "S",
    "AttackProfile": "Level at Deck"
  },
  "RB-08": {
    "Rng": 13,
    "Min": 2,
    "Spd": 3,
    "Alt": "Low",
    "DmgMod": "+1",
    "EW": "A",
    "Sight": "+0",
    "Size": "L",
    "AttackProfile": "Dive at Low"
  },
  "RBS-15": {
    "Rng": 20,
    "Min": 2,
    "Spd": 4,
    "Alt": "Deck",
    "DmgMod": "+1",
    "EW": "B",
    "Sight": "+2",
    "Size": "S",
    "AttackProfile": "Level at Deck"
  },
  "Penguin": {
    "Rng": 4,
    "Min": 2,
    "Spd": 4,
    "Alt": "Deck",
    "DmgMod": "-1",
    "EW": "B",
    "Sight": "+2",
    "Size": "S",
    "AttackProfile": "Level at Deck"
  }
}
