{
  "_Comment": "Warsaw Pact Surface-to-Surface Missile data for Baltic Approaches",
  "_version": "1.0.0",
  "_created": "2026-01-24",
  "_description": "WP SSM specifications from Table 35.9. Data Relay Required at ≥ 3 Hex Range [35.94]",
  "P-15U (SS-N-2B)": {
    "Rng": 10,
    "Min": 2,
    "Spd": 4,
    "Alt": "Low",
    "DmgMod": "+2",
    "EW": "A",
    "Sight": "+0",
    "Size": "L",
    "AttackProfile": "Dive at Low"
  },
  "P-15M (SS-N-2C)": {
    "Rng": 18,
    "Min": 2,
    "Spd": 4,
    "Alt": "Low",
    "DmgMod": "+2",
    "EW": "B",
    "Sight": "+0",
    "Size": "L",
    "AttackProfile": "Dive at Low"
  },
  "3M44 (SS-N-3D)": {
    "Rng": 60,
    "Min": 5,
    "Spd": 6,
    "Alt": "Med",
    "DmgMod": "+4",
    "EW": "B",
    "Sight": "+0",
    "Size": "L",
    "AttackProfile": "Dive at Med"
  },
  "P-120 (SS-N-9)": {
    "Rng": 26,
    "Min": 2,
    "Spd": 4,
    "Alt": "Low",
    "DmgMod": "+2",
    "EW": "B",
    "Sight": "+1",
    "Size": "S",
    "AttackProfile": "Dive at Low"
  },
  "3M80 (SS-N-22)": {
    "Rng": 20,
    "Min": 3,
    "Spd": 10,
    "Alt": "Deck",
    "DmgMod": "+2",
    "EW": "C",
    "Sight": "+2",
    "Size": "S",
    "AttackProfile": "Level at Deck"
  }
}
