{
  "_comment": "Baltic Approaches Aircraft Note Rules",
  "_version": "2.0.0",
  "_created": "2025-11-18",
  "_updated": "2025-11-22",
  "_description": "Aircraft note definitions for Baltic Approaches module. Notes are organized by nation - each nation has its own A-M sequence.",
  
  "USN/USMC": {
    "A": {
      "description": "Use lower bomb point load for Deep Strike and Naval Strike raids.",
      "type": "loadoutModification",
      "module": "BA"
    },
    "B": {
      "description": "May Spot Jam [19.34] two radars at the same time.",
      "type": "special",
      "module": "BA"
    },
    "C": {
      "description": "May enter Defensive Wheel formation [7.1].",
      "type": "formation",
      "module": "BA"
    },
    "D": {
      "description": "If tasked with Escort Jamming [8.341] may carry HARMs [17.54] and attack naval or land radar targets.",
      "type": "weaponModification",
      "module": "BA"
    },
    "E": {
      "description": "Multirole aircraft [8.37].",
      "type": "special",
      "module": "BA"
    },
    "F": {
      "description": "Zoom Climb [6.33] not allowed.",
      "type": "restriction",
      "module": "BA"
    },
    "G": {
      "description": "May do Max Turns as Free Turns [8.32]",
      "type": "maneuver",
      "module": "BA"
    },
    "H": {
      "description": "AIM-7 depletion is {6} if tasked with Bombing, SEAD, Recon, or Rescue Support.",
      "type": "modifier",
      "module": "BA"
    },
    "I": {
      "description": "Flights may carry AIM-7 and AIM-54 RHM at the same time.",
      "type": "weaponModification",
      "module": "BA"
    },
    "J": {
      "description": "If tasked with Maritime Patrol, may carry Harpoon and attack naval targets.",
      "type": "weaponModification",
      "module": "BA"
    },
    "K": {
      "description": "If tasked with Recon, missile load is AIM-9L {6}, AIM-7M {6}",
      "type": "loadoutModification",
      "module": "BA"
    },
    "L": {
      "description": "AAX-1 sensor. Automatic visual ID at end of Detection Phase of one detected enemy flight in forward arc, line of sight, and same altitude at 1-8 hex range. Day only",
      "type": "sensor",
      "module": "BA"
    },
    "M": {
      "description": "Large Aircraft [19.22] (see [6.40] for climbing limitations) and Poor SAM Defense [15.32].",
      "type": "restriction",
      "module": "BA"
    }
  },
  
  "NATO": {
    "A": {
      "description": "AIM-9 depletion is {6} if tasked with Bombing, SEAD, Recon, or Rescue Support.",
      "type": "modifier",
      "module": "BA"
    },
    "B": {
      "description": "Large Aircraft [19.22] (see [6.40] for climbing limitations) and Poor SAM Defense [15.32]",
      "type": "restriction",
      "module": "BA"
    },
    "C": {
      "description": "Use lower bomb point load for Deep Strike and Naval Strike raids.",
      "type": "loadoutModification",
      "module": "BA"
    },
    "D": {
      "description": "Internal bay. May only carry regular bombs in the bay. Use clean ratings while laden.",
      "type": "loadoutModification",
      "module": "BA"
    },
    "E": {
      "description": "AN/AVQ-23E Pave Spike designator pod. May laser-designate for [17.69] for other flights.",
      "type": "special",
      "module": "BA"
    },
    "F": {
      "description": "AIM-9 not allowed if tasked with Bombing, Naval Strike, SEAD, or Rescue Support.",
      "type": "restriction",
      "module": "BA"
    },
    "G": {
      "description": "Multirole aircraft [8.37].",
      "type": "special",
      "module": "BA"
    },
    "H": {
      "description": "No AIM-9 if tasked with Bombing or SEAD.",
      "type": "restriction",
      "module": "BA"
    },
    "I": {
      "description": "Zoom Climb [6.33] not allowed.",
      "type": "restriction",
      "module": "BA"
    },
    "J": {
      "description": "May do Max Turns as Free Turns [6.32].",
      "type": "maneuver",
      "module": "BA"
    },
    "K": {
      "description": "May enter Defensive Wheel formation [7.1].",
      "type": "formation",
      "module": "BA"
    }
  },
  
  "USSR": {
    "A": {
      "description": "Large Aircraft [19.22] (see [6.40] for climbing limitations) and Poor SAM Defense [15.32]; May not carry Rockets, CBU, or Anti-Runway ordnance.",
      "type": "restriction",
      "module": "BA"
    },
    "B": {
      "description": "Use lower bomb point load for Deep Strike and Naval Strike Raids.",
      "type": "loadoutModification",
      "module": "BA"
    },
    "C": {
      "description": "SSM Missile data relay [35.94], maximum ranges: Deck 8 Hexes, Low+ 36 Hexes.",
      "type": "special",
      "module": "BA"
    },
    "D": {
      "description": "SSM Missile data relay [35.94], maximum ranges: Deck 8 Hexes, Low+ 24 Hexes.",
      "type": "special",
      "module": "BA"
    },
    "E": {
      "description": "May enter Defensive Wheel formation [7.1].",
      "type": "formation",
      "module": "BA"
    },
    "F": {
      "description": "Kh-25MP only allowed if tasked with SEAD. May swap regular bombs for KMGU [17.66].",
      "type": "weaponModification",
      "module": "BA"
    },
    "G": {
      "description": "Zoom Climb [6.33] not allowed.",
      "type": "restriction",
      "module": "BA"
    },
    "H": {
      "description": "Semi-conformal center station. May load AS-4(1) instead of AS-4(2) and use clean ratings.",
      "type": "loadoutModification",
      "module": "BA"
    }
  },
  
  "POL": {
    "A": {
      "description": "No IRM / RHM if tasked with Bombing/SEAD/Chaff Laying.",
      "type": "restriction",
      "module": "BA"
    },
    "B": {
      "description": "Roll to determine IRM load for each flight: 1-6 R-13M, 6-10 R-60.",
      "type": "loadoutModification",
      "module": "BA"
    },
    "C": {
      "description": "Use lower bomb point load for Deep Strike and Naval Strike raids.",
      "type": "loadoutModification",
      "module": "BA"
    },
    "D": {
      "description": "May carry Chaff [17.68] if tasked with Chaff Laying.",
      "type": "weaponModification",
      "module": "BA"
    },
    "E": {
      "description": "Only Bombs, AT GBU, or Rocket Pods allowed.",
      "type": "restriction",
      "module": "BA"
    },
    "F": {
      "description": "Roll for 23mm Gun {4} Pod for each flight: 1-6 Pod, 7-10 No Pod.",
      "type": "loadoutModification",
      "module": "BA"
    },
    "G": {
      "description": "May enter Defensive Wheel formation [7.1].",
      "type": "formation",
      "module": "BA"
    },
    "H": {
      "description": "SSM missile data relay [35.94], max range at Deck: 8 Hexes, Low+ 25 Hexes.",
      "type": "special",
      "module": "BA"
    },
    "I": {
      "description": "Short horn surface search radar. Stats: Column D / LD [12], 10+: -2, all arcs.",
      "type": "sensor",
      "module": "BA"
    },
    "J": {
      "description": "Multirole aircraft [8.37].",
      "type": "special",
      "module": "BA"
    },
    "K": {
      "description": "May swap regular bombs for KMGU [17.66].",
      "type": "weaponModification",
      "module": "BA"
    }
  },
  
  "SE": {
    "A": {
      "description": "No AIM-4 or AIM-9 if tasked with Bombing or SEAD.",
      "type": "restriction",
      "module": "BA"
    },
    "B": {
      "description": "Only ordnance allowed are Rocket Pods [17.63]",
      "type": "restriction",
      "module": "BA"
    },
    "C": {
      "description": "AIM-9 Depletion {6} and no RHM if tasked with Bombing.",
      "type": "restriction",
      "module": "BA"
    },
    "D": {
      "description": "Multirole aircraft [8.37].",
      "type": "special",
      "module": "BA"
    },
    "E": {
      "description": "Roll to determine AIM-9 for each flight: 1-6 AIM-9P, 7-10 AIM-9L.",
      "type": "loadoutModification",
      "module": "BA"
    },
    "F": {
      "description": "May Spot Jam [19.34] one radar",
      "type": "special",
      "module": "BA"
    },
    "G": {
      "description": "May only place Standoff Jamming arc in forward or rear arcs, not beams.",
      "type": "restriction",
      "module": "BA"
    },
    "H": {
      "description": "No AT or AP CBU [17.61] allowed regardless of task.",
      "type": "restriction",
      "module": "BA"
    }
  }
}
