{
  "_comment": "Baltic Approaches Naval Note Rules",
  "_version": "1.0.0",
  "_created": "2026-01-24",
  "_description": "Naval note definitions for Baltic Approaches module. Notes organized by faction (NATO/WP).",
  
  "NATO": {
    "A": {
      "description": "SAM may use EQ Tracking [15.54].",
      "type": "special",
      "module": "BA"
    },
    "B": {
      "description": "Various classes of mine warfare ships in NATO navies.",
      "type": "special",
      "module": "BA"
    },
    "C": {
      "description": "May conduct Anti-Radar SAM attacks [15.53].",
      "type": "special",
      "module": "BA"
    },
    "D": {
      "description": "SAM may acquire and attack helicopters [25.0] at Deck altitude.",
      "type": "special",
      "module": "BA"
    }
  },
  
  "WP": {
    "A": {
      "description": "SAM may acquire and attack helicopters [25.0] at Deck altitude.",
      "type": "special",
      "module": "BA"
    },
    "B": {
      "description": "SA-N-4 EO Tracking capability.",
      "type": "special",
      "module": "BA"
    },
    "C": {
      "description": "May conduct Anti-Radar SAM attacks [15.53].",
      "type": "special",
      "module": "BA"
    },
    "D": {
      "description": "Various classes of mine warfare ships: Yurka, Natya, Kondor II, Schwalbe, Gaidro, Krogule, etc.",
      "type": "special",
      "module": "BA"
    }
  }
}
