{
  "_comment": "Warsaw Pact OOB Tables (G-L) - Red Storm Order of Battle Data",
  "_version": "3.0.0-phase3-complete",
  "_extraction_date": "2025-10-26",
  "_source": "Extracted from index.html oobTables object",
  "_tables_included": [
    "G",
    "H",
    "I",
    "J",
    "K",
    "L"
  ],
  "_extraction_status": "Complete - All WP tables extracted",
  "G": {
    "name": "WP Table G - QRA Flights",
    "faction": "WP",
    "hasDate": false,
    "description": "WP QRA Flights - Aircraft sitting alert at WP airfields in East Germany",
    "flightSize": 2,
    "nations": {
      "1-3": {
        "name": "USSR",
        "aircraft": {
          "1-2": {
            "name": "MiG-21bis",
            "aircraftId": "USSR-MIG-21BISN-1"
          },
          "3-4": {
            "name": "MiG-23M",
            "aircraftId": "USSR-MIG-23M-1"
          },
          "5-6": {
            "name": "MiG-23ML",
            "aircraftId": "GDR-MIG-23ML-1"
          },
          "7-8": {
            "name": "MiG-29A",
            "aircraftId": "USSR-MIG-29A-1"
          },
          "9-10": {
            "name": "MiG-25PD/Su-27S\u00b9",
            "aircraftId": null
          }
        }
      },
      "4-10": {
        "name": "GDR",
        "aircraft": {
          "1-6": {
            "name": "MiG-21bis",
            "aircraftId": "GDR-MIG-21BISL-1"
          },
          "7-10": {
            "name": "MiG-23ML",
            "aircraftId": "GDR-MIG-23ML-1"
          }
        }
      }
    }
  },
  "H": {
    "name": "WP Table H - Fighter Sweep",
    "faction": "WP",
    "hasDate": false,
    "flightSize": 4,
    "flightCount": 3,
    "description": "WP Fighter Sweep - Squadron-size groups of flights tasked with establishing air superiority",
    "nations": {
      "1-7": {
        "name": "USSR",
        "aircraft": {
          "10": {
            "name": "MiG-25PD/Su-27S\u00b9",
            "aircraftId": null
          },
          "1-2": {
            "name": "MiG-21bis",
            "aircraftId": "USSR-MIG-21BISN-1"
          },
          "3-4": {
            "name": "MiG-23M",
            "aircraftId": "USSR-MIG-23M-1"
          },
          "5-6": {
            "name": "MiG-23MLA",
            "aircraftId": "USSR-MIG-23MLA-1"
          },
          "7-9": {
            "name": "MiG-29A",
            "aircraftId": "USSR-MIG-29A-1"
          }
        }
      },
      "8-10": {
        "name": "GDR",
        "aircraft": {
          "1-5": {
            "name": "MiG-21bis",
            "aircraftId": "GDR-MIG-21BISL-1"
          },
          "6-10": {
            "name": "MiG-23ML",
            "aircraftId": "GDR-MIG-23ML-1"
          }
        }
      }
    }
  },
  "I": {
    "name": "WP Table I - Bombing Raid",
    "faction": "WP",
    "hasTasking": true,
    "hasDate": false,
    "description": "WP Bombing Raid - Packages of flights assigned to provide air support to WP ground troops",
    "ordnanceNote": "SEAD flights may always carry ARMs, if capable.",
    "nationalities": {
      "USSR": {
        "name": "USSR Bombing Raid",
        "taskings": {
          "Close Escort": {
            "flightSize": 4,
            "flightCount": 3,
            "description": "Close Escort",
            "aircraft": {
              "1": {
                "name": "MiG-21bis",
                "aircraftId": "POL-MIG-21BIS-1"
              },
              "2": {
                "name": "MiG-23M",
                "aircraftId": "USSR-MIG-23M-1"
              },
              "3-4": {
                "name": "MiG-23MLA",
                "aircraftId": "USSR-MIG-23MLA-1"
              },
              "5-7": {
                "name": "MiG-23MLD",
                "aircraftId": "USSR-MIG-23MLD-1"
              },
              "8-10": {
                "name": "MiG-29A",
                "aircraftId": "USSR-MIG-29A-1"
              }
            }
          },
          "SEAD": {
            "flightSize": 4,
            "flightCount": 2,
            "description": "SEAD",
            "aircraft": {
              "1-2": {
                "name": "Su-17M4",
                "aircraftId": "USSR-SU-17M4-1"
              },
              "3-4": {
                "name": "MiG-23\u00b2",
                "aircraftId": null
              },
              "5-6": {
                "name": "Su-24",
                "aircraftId": "USSR-SU-24-1"
              },
              "7-8": {
                "name": "MiG-27M",
                "aircraftId": "USSR-MIG-27M-1"
              },
              "9-10": {
                "name": "MiG-27K",
                "aircraftId": "USSR-MIG-27K-1"
              }
            }
          },
          "Bombing": {
            "flightSize": 4,
            "flightCount": 5,
            "description": "Bombing",
            "aircraft": {
              "1-2": {
                "name": "Su-17M4",
                "aircraftId": "USSR-SU-17M4-1"
              },
              "3-4": {
                "name": "MiG-23\u00b2",
                "aircraftId": null
              },
              "5-6": {
                "name": "Su-25",
                "aircraftId": "USSR-SU-25-1"
              },
              "7-8": {
                "name": "MiG-27M",
                "aircraftId": "USSR-MIG-27M-1"
              },
              "9-10": {
                "name": "MiG-27K",
                "aircraftId": "USSR-MIG-27K-1"
              }
            }
          }
        }
      },
      "GDR": {
        "name": "GDR Bombing Raid",
        "taskings": {
          "Close Escort": {
            "flightSize": 4,
            "flightCount": 3,
            "description": "Close Escort",
            "aircraft": {
              "6": {
                "name": "MiG-21SPS",
                "aircraftId": null
              },
              "10": {
                "name": "MiG-23MF/ML\u00b9",
                "aircraftId": null
              },
              "1-5": {
                "name": "MiG-21MF",
                "aircraftId": "POL-MIG-21MF-1"
              },
              "7-9": {
                "name": "MiG-21bis",
                "aircraftId": "POL-MIG-21BIS-1"
              }
            }
          },
          "SEAD": {
            "flightSize": 4,
            "flightCount": 2,
            "description": "SEAD",
            "aircraft": {
              "1-4": {
                "name": "Su-22M4",
                "aircraftId": "POL-SU-22M4-1"
              },
              "5-7": {
                "name": "MiG-21MF",
                "aircraftId": "POL-MIG-21MF-1"
              },
              "8-10": {
                "name": "MiG-23\u00b2",
                "aircraftId": null
              }
            }
          },
          "Bombing": {
            "flightSize": 4,
            "flightCount": 5,
            "description": "Bombing",
            "aircraft": {
              "1-4": {
                "name": "Su-22M4",
                "aircraftId": "POL-SU-22M4-1"
              },
              "5-7": {
                "name": "MiG-21MF",
                "aircraftId": "POL-MIG-21MF-1"
              },
              "8-10": {
                "name": "MiG-23BN",
                "aircraftId": "GDR-MIG-23BN-1"
              }
            }
          }
        }
      }
    }
  },
  "J": {
    "name": "WP Table J - Deep Strike Raid",
    "faction": "WP",
    "hasTasking": true,
    "hasDate": false,
    "nationality": "USSR Only",
    "description": "WP Deep Strike Raid - Packages of flights intended to go deep behind NATO lines",
    "ordnanceNote": "All Bombing flights may carry any air-to-ground ordnance allowed for the specified aircraft type. Recon flights may only carry air-to-air missiles and guns, if capable. No other ordnance allowed.",
    "taskings": {
      "Escort Jamming": {
        "flightSize": 1,
        "flightCount": 3,
        "description": "Escort Jamming",
        "nations": {
          "1-10": {
            "name": "USSR",
            "aircraft": {
              "1-2": {
                "name": "Su-24MP",
                "aircraftId": "USSR-SU-24MP-1"
              },
              "3-5": {
                "name": "MiG-25BM",
                "aircraftId": "USSR-MIG-25BM-1"
              },
              "6-8": {
                "name": "Yak-28PP",
                "aircraftId": "USSR-YAK-28PP-1"
              },
              "9-10": {
                "name": "Tu-22PD",
                "aircraftId": "USSR-TU-22PD-1"
              }
            }
          }
        }
      },
      "Chaff Laying": {
        "flightSize": 1,
        "flightCount": 3,
        "description": "Chaff Laying",
        "nations": {
          "1-10": {
            "name": "USSR",
            "aircraft": {
              "1-5": {
                "name": "MiG-21bis",
                "aircraftId": "USSR-MIG-21BISN-1"
              },
              "6-10": {
                "name": "MiG-23M",
                "aircraftId": "USSR-MIG-23M-1"
              }
            }
          }
        }
      },
      "Close Escort": {
        "flightSize": 4,
        "flightCount": 4,
        "description": "Close Escort",
        "nations": {
          "1-10": {
            "name": "USSR",
            "aircraft": {
              "1-3": {
                "name": "MiG-23MLA",
                "aircraftId": "USSR-MIG-23MLA-1"
              },
              "4-7": {
                "name": "MiG-23MLD",
                "aircraftId": "USSR-MIG-23MLD-1"
              },
              "8-10": {
                "name": "Su-27S",
                "aircraftId": "USSR-SU-27S-1"
              }
            }
          }
        }
      },
      "Bombing": {
        "flightSize": 4,
        "flightCount": 6,
        "description": "Bombing",
        "nations": {
          "1-10": {
            "name": "USSR",
            "aircraft": {
              "1-4": {
                "name": "Su-24M",
                "aircraftId": "USSR-SU-24M-1"
              },
              "5-8": {
                "name": "Su-24M4",
                "aircraftId": null
              },
              "9-10": {
                "name": "MiG-27K",
                "aircraftId": "USSR-MIG-27K-1"
              }
            }
          }
        }
      },
      "Recon": {
        "flightSize": 1,
        "flightCount": 2,
        "description": "Reconnaissance",
        "nations": {
          "1-10": {
            "name": "USSR",
            "aircraft": {
              "1-5": {
                "name": "Su-24MR",
                "aircraftId": "USSR-SU-24MR-1"
              },
              "6-10": {
                "name": "MiG-25RB",
                "aircraftId": "USSR-MIG-25RB-1"
              }
            }
          }
        }
      }
    }
  },
  "K": {
    "name": "WP Table K - Combat Rescue",
    "faction": "WP",
    "hasNationality": true,
    "hasDate": false,
    "description": "Rescue missions for downed aircrew",
    "ordnanceNote": "All flights tasked with Rescue Support may carry any ordnance allowed for the specified aircraft type.",
    "nationalities": {
      "USSR": {
        "name": "USSR Combat Rescue Raid",
        "flights": [
          {
            "type": "Rescue Support",
            "flightSize": 2,
            "flightCount": 2,
            "description": "Rescue Support",
            "aircraft": {
              "1-5": {
                "name": "Su-25",
                "aircraftId": "USSR-SU-25-1"
              },
              "6-8": {
                "name": "Su-17M4",
                "aircraftId": "USSR-SU-17M4-1"
              },
              "9-10": {
                "name": "MiG-21bis",
                "aircraftId": "POL-MIG-21BIS-1"
              }
            }
          },
          {
            "type": "CSAR",
            "flightSize": 1,
            "flightCount": 2,
            "description": "Combat Search and Rescue",
            "aircraft": {
              "1-10": {
                "name": "Mi-8",
                "aircraftId": "USSR-MI-8-1"
              }
            }
          }
        ]
      },
      "GDR": {
        "name": "GDR Combat Rescue Raid",
        "flights": [
          {
            "type": "Rescue Support",
            "flightSize": 2,
            "flightCount": 2,
            "description": "Rescue Support",
            "aircraft": {
              "1-5": {
                "name": "MiG-21bis",
                "aircraftId": "POL-MIG-21BIS-1"
              },
              "6-10": {
                "name": "MiG-23BN",
                "aircraftId": "GDR-MIG-23BN-1"
              }
            }
          },
          {
            "type": "CSAR",
            "flightSize": 1,
            "flightCount": 2,
            "description": "Combat Search and Rescue",
            "aircraft": {
              "1-10": {
                "name": "Mi-8",
                "aircraftId": "USSR-MI-8-1"
              }
            }
          }
        ]
      }
    }
  },
  "L": {
    "name": "WP Table L - Special Missions",
    "faction": "WP",
    "hasMissionType": true,
    "hasNationSelection": true,
    "hasDate": false,
    "description": "WP Special Missions - Specialized missions for small numbers of aircraft",
    "missionTypes": {
      "Standoff Jamming": {
        "name": "Standoff Jamming",
        "flightSize": 1,
        "flightCount": 1,
        "description": "Standoff Jamming",
        "ordnanceNote": "Standoff Jamming flights may not carry any ordnance or air-to-air weapons.",
        "nations": {
          "1-5": {
            "name": "USSR",
            "aircraft": {
              "1-5": {
                "name": "An-12PP",
                "aircraftId": "USSR-AN-12PP-1"
              },
              "6-10": {
                "name": "Tu-16P",
                "aircraftId": "USSR-TU-16P-1"
              }
            }
          },
          "6-10": {
            "name": "GDR",
            "aircraft": {
              "1-10": {
                "name": "An-26",
                "aircraftId": null
              }
            }
          }
        }
      },
      "Tactical Recon": {
        "name": "Tactical Recon",
        "flightSize": 2,
        "flightCount": 1,
        "description": "Tactical Reconnaissance",
        "ordnanceNote": "Recon flights may only carry air-to-air missiles and guns, if capable. No other ordnance allowed.",
        "requiresNationSelection": true,
        "availableNations": [
          "USSR",
          "GDR"
        ],
        "nationData": {
          "USSR": {
            "name": "USSR",
            "aircraft": {
              "1-2": {
                "name": "MiG-21R",
                "aircraftId": "USSR-MIG-21R-1"
              },
              "3-4": {
                "name": "Su-17M3R",
                "aircraftId": "USSR-SU-17M3R-1"
              },
              "5-7": {
                "name": "Su-24MR",
                "aircraftId": "USSR-SU-24MR-1"
              },
              "8-10": {
                "name": "MiG-25RB",
                "aircraftId": "USSR-MIG-25RB-1"
              }
            }
          },
          "GDR": {
            "name": "GDR",
            "aircraft": {
              "1-5": {
                "name": "MiG-21R",
                "aircraftId": "USSR-MIG-21R-1"
              },
              "6-10": {
                "name": "Su-22M4R",
                "aircraftId": null
              }
            }
          }
        }
      }
    }
  }
}
