{
  "_comment": "Weapons Database - Red Storm Weapons Statistics",
  "_version": "1.0.0",
  "_created": "2025-11-01",
  "_description": "Complete weapons specifications including guns and missiles with BVR capabilities. Depletion values are stored per aircraft, not here.",
  
  "guns": {
    "SUU-23": {
      "name": "SUU-23",
      "nation": "US/UK",
      "class": "Gun",
      "stdRtg": 2,
      "bvrRtg": null,
      "bvrRanges": null,
      "comment": "20mm gun pod"
    },
    "20mm M39": {
      "name": "20mm M39",
      "nation": "US",
      "class": "Gun",
      "stdRtg": 2,
      "bvrRtg": null,
      "bvrRanges": null
    },
    "20mm M61": {
      "name": "20mm M61",
      "nation": "US",
      "class": "Gun",
      "stdRtg": 3,
      "bvrRtg": null,
      "bvrRanges": null
    },
    "20mm M39A2": {
      "name": "20mm M39A2",
      "nation": "BE/CA/NE",
      "class": "Gun",
      "stdRtg": 2,
      "bvrRtg": null,
      "bvrRanges": null
    },
    "30mm": {
      "name": "30mm",
      "nation": "US",
      "class": "Gun",
      "stdRtg": 3,
      "bvrRtg": null,
      "bvrRanges": null
    },
    "Rear Gun": {
      "name": "Rear Gun",
      "nation": "US",
      "class": "Gun",
      "stdRtg": 0,
      "bvrRtg": null,
      "bvrRanges": null
    },
    "27mm": {
      "name": "27mm",
      "nation": "UK",
      "class": "Gun",
      "stdRtg": 3,
      "bvrRtg": null,
      "bvrRanges": null
    },
    "23mm": {
      "name": "23mm",
      "nation": "Soviet",
      "class": "Gun",
      "stdRtg": 2,
      "bvrRtg": null,
      "bvrRanges": null
    },
    "23mm Gun Pod": {
      "name": "23mm Gun Pod",
      "nation": "Soviet",
      "class": "Gun",
      "stdRtg": 2,
      "bvrRtg": null,
      "bvrRanges": null
    },
    "30mm Soviet": {
      "name": "30mm",
      "nation": "Soviet",
      "class": "Gun",
      "stdRtg": 3,
      "bvrRtg": null,
      "bvrRanges": null
    },
    "Rear Gun Soviet": {
      "name": "Rear Gun",
      "nation": "Soviet",
      "class": "Gun",
      "stdRtg": 0,
      "bvrRtg": null,
      "bvrRanges": null
    }
  },
  
  "missiles": {
    "AIM-9J/P": {
      "name": "AIM-9J/P",
      "nation": "US",
      "class": "IRM",
      "stdRtg": 0,
      "bvrRtg": null,
      "bvrRanges": {
        "forward": { "min": 1, "max": 1 },
        "beam": { "min": 1, "max": 1 },
        "rear": { "min": 1, "max": 1 }
      }
    },
    "AIM-9J": {
      "name": "AIM-9J",
      "nation": "US",
      "class": "IRM",
      "stdRtg": 0,
      "bvrRtg": null,
      "bvrRanges": {
        "forward": { "min": 1, "max": 1 },
        "beam": { "min": 1, "max": 1 },
        "rear": { "min": 1, "max": 1 }
      }
    },
    "AIM-9L": {
      "name": "AIM-9L",
      "nation": "US",
      "class": "IRM",
      "stdRtg": 3,
      "bvrRtg": 0,
      "bvrRanges": {
        "forward": { "min": 1, "max": 1 },
        "beam": { "min": 1, "max": 1 },
        "rear": { "min": 1, "max": 1 }
      }
    },
    "AIM-9M": {
      "name": "AIM-9M",
      "nation": "US",
      "class": "IRM",
      "stdRtg": 3,
      "bvrRtg": 1,
      "bvrRanges": {
        "forward": { "min": 1, "max": 2 },
        "beam": { "min": 1, "max": 1 },
        "rear": { "min": 1, "max": 1 }
      }
    },
    "AIM-9G": {
      "name": "AIM-9G",
      "nation": "UK",
      "class": "IRM",
      "stdRtg": 1,
      "bvrRtg": null,
      "bvrRanges": {
        "forward": { "min": 1, "max": 1 },
        "beam": { "min": 1, "max": 1 },
        "rear": { "min": 1, "max": 1 }
      }
    },
    "AIM-9F": {
      "name": "AIM-9F",
      "nation": "FRG",
      "class": "IRM",
      "stdRtg": 1,
      "bvrRtg": null,
      "bvrRanges": {
        "forward": { "min": 1, "max": 1 },
        "beam": { "min": 1, "max": 1 },
        "rear": { "min": 1, "max": 1 }
      }
    },
    "AIM-7E-2": {
      "name": "AIM-7E-2",
      "nation": "US",
      "class": "RHM",
      "stdRtg": 2,
      "bvrRtg": 0,
      "bvrRanges": {
        "forward": { "min": 1, "max": 5 },
        "beam": { "min": 1, "max": 2 },
        "rear": { "min": 1, "max": 1 }
      }
    },
    "AIM-7F": {
      "name": "AIM-7F",
      "nation": "US",
      "class": "RHM",
      "stdRtg": 3,
      "bvrRtg": 1,
      "bvrRanges": {
        "forward": { "min": 1, "max": 9 },
        "beam": { "min": 1, "max": 5 },
        "rear": { "min": 1, "max": 2 }
      }
    },
    "AIM-7M": {
      "name": "AIM-7M",
      "nation": "US",
      "class": "RHM",
      "stdRtg": 3,
      "bvrRtg": 2,
      "bvrRanges": {
        "forward": { "min": 1, "max": 9 },
        "beam": { "min": 1, "max": 5 },
        "rear": { "min": 1, "max": 2 }
      }
    },
    "Skyflash": {
      "name": "Skyflash",
      "nation": "UK",
      "class": "RHM",
      "stdRtg": 3,
      "bvrRtg": 2,
      "bvrRanges": {
        "forward": { "min": 1, "max": 8 },
        "beam": { "min": 1, "max": 4 },
        "rear": { "min": 1, "max": 2 }
      }
    },
    "R-13M": {
      "name": "R-13M (AA-2D)",
      "nation": "Soviet",
      "class": "IRM",
      "stdRtg": 0,
      "bvrRtg": null,
      "bvrRanges": null
    },
    "R-60": {
      "name": "R-60 (AA-8A)",
      "nation": "Soviet",
      "class": "IRM",
      "stdRtg": 1,
      "bvrRtg": null,
      "bvrRanges": null
    },
    "R-60M": {
      "name": "R-60M (AA-8B)",
      "nation": "Soviet",
      "class": "IRM",
      "stdRtg": 2,
      "bvrRtg": null,
      "bvrRanges": null
    },
    "R-3R": {
      "name": "R-3R (AA-2C)",
      "nation": "Soviet",
      "class": "RHM",
      "stdRtg": 0,
      "bvrRtg": -1,
      "bvrRanges": {
        "forward": { "min": 1, "max": 2 },
        "beam": { "min": 1, "max": 1 },
        "rear": null
      }
    },
    "R-23": {
      "name": "R-23 (AA-7A)",
      "nation": "Soviet",
      "class": "RHM",
      "stdRtg": 2,
      "bvrRtg": -1,
      "bvrRanges": {
        "forward": { "min": 1, "max": 4 },
        "beam": { "min": 1, "max": 2 },
        "rear": { "min": 1, "max": 1 }
      }
    },
    "R-24": {
      "name": "R-24 (AA-7B)",
      "nation": "Soviet",
      "class": "RHM",
      "stdRtg": 2,
      "bvrRtg": 0,
      "bvrRanges": {
        "forward": { "min": 1, "max": 6 },
        "beam": { "min": 1, "max": 3 },
        "rear": { "min": 1, "max": 1 }
      }
    },
    "R-27": {
      "name": "R-27 (AA-10)",
      "nation": "Soviet",
      "class": "RHM",
      "stdRtg": 3,
      "bvrRtg": 1,
      "bvrRanges": {
        "forward": { "min": 1, "max": 7 },
        "beam": { "min": 1, "max": 4 },
        "rear": { "min": 1, "max": 2 }
      }
    },
    "R-40": {
      "name": "R-40 (AA-6)",
      "nation": "Soviet",
      "class": "RHM",
      "stdRtg": 1,
      "bvrRtg": 0,
      "bvrRanges": {
        "forward": { "min": 1, "max": 8 },
        "beam": { "min": 1, "max": 4 },
        "rear": { "min": 1, "max": 2 }
      }
    },
    "R-73": {
      "name": "R-73 (AA-11)",
      "nation": "Soviet",
      "class": "IRM",
      "stdRtg": 3,
      "bvrRtg": null,
      "bvrRanges": null
    }
  },
  
  "ordnance": {
    "EOGM": {
      "name": "Electro-Optical Guided Missile",
      "nation": "US",
      "type": "AGM",
      "description": "Maverick-type precision air-to-ground missile"
    },
    "HARM": {
      "name": "High-speed Anti-Radiation Missile",
      "nation": "US",
      "type": "AGM",
      "description": "Anti-radar missile for SEAD missions"
    },
    "Shrike": {
      "name": "AGM-45 Shrike",
      "nation": "US",
      "type": "AGM",
      "description": "Anti-radiation missile"
    },
    "LGB": {
      "name": "Laser-Guided Bomb",
      "nation": "US",
      "type": "PGM",
      "description": "Precision guided bomb requiring laser designation"
    },
    "EOGB": {
      "name": "Electro-Optical Guided Bomb",
      "nation": "US",
      "type": "PGM",
      "description": "TV-guided bomb with terminal guidance"
    },
    "SRAM": {
      "name": "AGM-69 Short Range Attack Missile",
      "nation": "US",
      "type": "AGM",
      "description": "Nuclear-armed standoff missile"
    },
    "Durandal": {
      "name": "Durandal Anti-Runway Bomb",
      "nation": "US",
      "type": "Special",
      "description": "French anti-runway penetration munition"
    },
    "JP233": {
      "name": "JP233 Airfield Attack System",
      "nation": "UK",
      "type": "Special",
      "description": "Combined anti-runway and anti-personnel munition dispenser"
    },
    "AS.37": {
      "name": "AS.37 Martel",
      "nation": "UK",
      "type": "AGM",
      "description": "Anti-ship missile"
    },
    "MW-1A": {
      "name": "MW-1A Munitions Dispenser",
      "nation": "FRG",
      "type": "Special",
      "description": "Multi-purpose submunition dispenser system"
    },
    "MW-1B": {
      "name": "MW-1B Munitions Dispenser",
      "nation": "FRG",
      "type": "Special",
      "description": "Multi-purpose submunition dispenser system"
    }
  }
}
