{
  "_comment": "Baltic Approaches NATO Aircraft Database - USN/USMC Aircraft",
  "_version": "1.0.0",
  "_created": "2025-11-18",
  "_description": "Aircraft specifications for Baltic Approaches NATO forces. Speed values format: L/M/H/VH altitude bands.",
  "A-6E": {
    "name": "A-6E Intruder",
    "id": "US-A-6E-1",
    "model": "A-6E Intruder",
    "nation": "USA",
    "crew": 2,
    "rwy": 3,
    "fuel": 10,
    "notes": "F",
    "weapons": {
      "gun": null,
      "gunDepletion": null,
      "irm": null,
      "irmDepletion": null,
      "rhm": null,
      "rhmDepletion": null
    },
    "bomb": "4",
    "sight": "+3",
    "rwr": "A",
    "jam": "3d",
    "radar": "Surf",
    "speeds": {
      "clean": {
        "combat": "3/3/3/-",
        "dash": "4/4/4/-",
        "maneuver": "5/4/3/-"
      },
      "laden": {
        "combat": "2/2/2/-",
        "dash": "3/3/3/-",
        "maneuver": "2/2/2/-"
      }
    },
    "ordnance": [
      {
        "type": "LGB",
        "quantity": 1
      },
      {
        "type": "EOGB",
        "quantity": 1
      },
      {
        "type": "Harpoon",
        "quantity": 2
      },
      {
        "type": "Shrike",
        "quantity": 1
      }
    ],
    "capabilities": [
      "Radar",
      "FLIR",
      "TFR",
      "Night"
    ],
    "aam": null
  },
  "EA-6B": {
    "name": "EA-6B Prowler",
    "id": "US-EA-6B-1",
    "model": "EA-6B Prowler",
    "nation": "USA",
    "crew": 4,
    "rwy": 3,
    "fuel": 10,
    "notes": "B, D, F",
    "standoffJammingStrength": "14/28/54",
    "weapons": {
      "gun": null,
      "gunDepletion": null,
      "irm": null,
      "irmDepletion": null,
      "rhm": null,
      "rhmDepletion": null
    },
    "bomb": null,
    "sight": null,
    "rwr": "D",
    "jam": "4d",
    "radar": "Surf",
    "speeds": {
      "clean": {
        "combat": "3/3/3/-",
        "dash": "4/4/4/-",
        "maneuver": "5/4/3/-"
      },
      "laden": null
    },
    "ordnance": [
      {
        "type": "HARM",
        "quantity": 1
      }
    ],
    "capabilities": [
      "Night",
      "Standoff, Spot"
    ],
    "aam": null
  },
  "A-7E": {
    "name": "A-7E Corsair II",
    "id": "US-A-7E-1",
    "model": "A-7E Corsair II",
    "nation": "USA",
    "crew": 1,
    "rwy": 2,
    "fuel": 8,
    "notes": "C, F",
    "weapons": {
      "gun": "20mm",
      "gunDepletion": 3,
      "irm": "AIM-9L",
      "irmDepletion": 6,
      "rhm": null,
      "rhmDepletion": null
    },
    "bomb": "3",
    "sight": "+3",
    "rwr": "A",
    "jam": "3d",
    "radar": "Surf",
    "speeds": {
      "clean": {
        "combat": "2/3/3/-",
        "dash": "3/4/4/-",
        "maneuver": "5/4/3/-"
      },
      "laden": {
        "combat": "2/3/3/-",
        "dash": "3/3/3/-",
        "maneuver": "2/2/2/-"
      }
    },
    "ordnance": [
      {
        "type": "LGB",
        "quantity": 1
      },
      {
        "type": "EOGB",
        "quantity": 1
      },
      {
        "type": "Shrike",
        "quantity": 1
      },
      {
        "type": "HARM",
        "quantity": 2
      }
    ],
    "capabilities": [
      "Radar",
      "FLIR",
      "Night"
    ],
    "aam": "AIM-9L (6), 20mm Gun (3)"
  },
  "AV-8B": {
    "name": "AV-8B Harrier II",
    "id": "US-AV-8B-1",
    "model": "AV-8B Harrier II",
    "nation": "USA",
    "crew": 1,
    "rwy": 1,
    "fuel": 5,
    "notes": "C, E, G",
    "weapons": {
      "gun": "25mm",
      "gunDepletion": 3,
      "irm": null,
      "irmDepletion": null,
      "rhm": null,
      "rhmDepletion": null
    },
    "bomb": "1.5",
    "sight": "+2",
    "rwr": "B/-",
    "jam": null,
    "radar": null,
    "speeds": {
      "clean": {
        "combat": "3/3/2/-",
        "dash": "4/4/3/-",
        "maneuver": "6/5/4/-"
      },
      "laden": {
        "combat": "1/1/1/-",
        "dash": "3/3/-/-",
        "maneuver": "3/3/-/-"
      }
    },
    "ordnance": [
      {
        "type": "LGB",
        "quantity": 1
      },
      {
        "type": "EOGM",
        "quantity": 1
      }
    ],
    "capabilities": [],
    "aam": "AIM-9L (8), 25mm Gun (3)"
  },
  "RF-4B": {
    "name": "RF-4B Phantom II",
    "id": "US-RF-4B-1",
    "model": "RF-4B Phantom II",
    "nation": "USA",
    "crew": 2,
    "rwy": 3,
    "fuel": 10,
    "notes": null,
    "weapons": {
      "gun": null,
      "gunDepletion": null,
      "irm": null,
      "irmDepletion": null,
      "rhm": null,
      "rhmDepletion": null
    },
    "bomb": null,
    "sight": null,
    "rwr": "A",
    "jam": "3d",
    "radar": null,
    "speeds": {
      "clean": {
        "combat": "4/4/4/-",
        "dash": "5/5/7/-",
        "maneuver": "5/6/6/-"
      },
      "laden": null
    },
    "ordnance": [],
    "capabilities": [
      "Recon",
      "TFR",
      "Night"
    ],
    "aam": null
  },
  "F-14A": {
    "name": "F-14A Tomcat",
    "id": "US-F-14A-1",
    "model": "F-14A Tomcat",
    "nation": "USA",
    "crew": 2,
    "rwy": 3,
    "fuel": 12,
    "notes": "I, K, L",
    "weapons": {
      "gun": "20mm Gun +3",
      "gunDepletion": 3,
      "irm": null,
      "irmDepletion": null,
      "rhm": null,
      "rhmDepletion": null
    },
    "bomb": null,
    "sight": null,
    "rwr": "A",
    "jam": "3d",
    "radar": {
      "name": "AWG-9",
      "type": "LD",
      "range": 20,
      "modifier": "16+: -1"
    },
    "speeds": {
      "clean": {
        "combat": "3/4/5/-",
        "dash": "5/6/8/-",
        "maneuver": "6/7/7/-"
      },
      "laden": null
    },
    "ordnance": [],
    "capabilities": [
      "Night",
      "Recon",
      "AAX+"
    ],
    "aam": "AIM-9L (8), AIM-7M (6), AIM-54C (3), 20mm Gun (3)"
  },
  "F/A-18A": {
    "name": "F/A-18A Hornet",
    "id": "US-F-A-18A-1",
    "model": "F/A-18A Hornet",
    "nation": "USA",
    "crew": 1,
    "rwy": 3,
    "fuel": 8,
    "notes": "A, E, H",
    "weapons": {
      "gun": "20mm",
      "gunDepletion": 3,
      "irm": "AIM-9M",
      "irmDepletion": 8,
      "rhm": "AIM-7M",
      "rhmDepletion": 3
    },
    "bomb": "4/2",
    "sight": "+3",
    "rwr": "C",
    "jam": "3d",
    "radar": {
      "name": "APG-65",
      "type": "LD, TS, Surf",
      "range": 20,
      "modifier": "16+: -1"
    },
    "speeds": {
      "clean": {
        "combat": "4/4/5/-",
        "dash": "5/6/8/-",
        "maneuver": "7/7/8/-"
      },
      "laden": {
        "combat": "3/3/4/-",
        "dash": "4/5/5/-",
        "maneuver": "4/5/5/-"
      }
    },
    "ordnance": [
      {
        "type": "LGB",
        "quantity": 1
      },
      {
        "type": "EOGB",
        "quantity": 1
      },
      {
        "type": "Harpoon",
        "quantity": 1
      },
      {
        "type": "HARM",
        "quantity": 1
      },
      {
        "type": "Rockets",
        "quantity": null
      }
    ],
    "capabilities": [
      "Radar",
      "TFR",
      "Night"
    ],
    "aam": "AIM-9M (8), AIM-7M (3), 20mm Gun (3)"
  },
  "F-111D/E": {
    "name": "F-111D/E Aardvark",
    "id": "US-F-111D-E-1",
    "model": "F-111D/E Aardvark",
    "aliases": [
      "F-111D",
      "F-111E"
    ],
    "nation": "USA",
    "crew": 2,
    "rwy": 4,
    "fuel": 15,
    "notes": "C",
    "weapons": {
      "gun": null,
      "gunDepletion": null,
      "irm": null,
      "irmDepletion": null,
      "rhm": null,
      "rhmDepletion": null
    },
    "bomb": "6/4",
    "sight": "+3",
    "rwr": "C",
    "jam": "3d",
    "radar": null,
    "speeds": {
      "clean": {
        "combat": "3/4/5/-",
        "dash": "5/6/7/-",
        "maneuver": "4/5/5/-"
      },
      "laden": {
        "combat": "3/3/3/-",
        "dash": "4/4/5/-",
        "maneuver": "2/3/3/-"
      }
    },
    "ordnance": [
      {
        "type": "Durandal",
        "quantity": null
      }
    ],
    "capabilities": [
      "Radar",
      "TFR",
      "Night"
    ],
    "aam": "AIM-9P(8)"
  },
  "S-3A": {
    "name": "S-3A Viking",
    "id": "US-S-3A-1",
    "model": "S-3A Viking",
    "nation": "USA",
    "crew": 4,
    "rwy": 2,
    "fuel": 10,
    "notes": "F",
    "weapons": {
      "gun": null,
      "gunDepletion": null,
      "irm": null,
      "irmDepletion": null,
      "rhm": null,
      "rhmDepletion": null
    },
    "bomb": "2",
    "sight": "+1",
    "rwr": "C",
    "jam": null,
    "radar": "Surf",
    "speeds": {
      "clean": {
        "combat": "2/3/3/-",
        "dash": "3/4/4/-",
        "maneuver": "4/3/2/-"
      },
      "laden": {
        "combat": "2/2/2/-",
        "dash": "3/3/3/-",
        "maneuver": "2/2/2/-"
      }
    },
    "ordnance": [
      {
        "type": "Harpoon",
        "quantity": 2
      }
    ],
    "capabilities": [
      "FLIR",
      "Night"
    ],
    "aam": null
  },
  "P-3C": {
    "name": "P-3C Orion",
    "id": "US-P-3C-1",
    "model": "P-3C Orion",
    "nation": "USA",
    "crew": 11,
    "rwy": 4,
    "fuel": "U",
    "notes": "F, J, M",
    "weapons": {
      "gun": null,
      "gunDepletion": null,
      "irm": null,
      "irmDepletion": null,
      "rhm": null,
      "rhmDepletion": null
    },
    "bomb": null,
    "sight": null,
    "rwr": "C",
    "jam": null,
    "radar": "Surf",
    "speeds": {
      "clean": {
        "combat": "2/2/2/-",
        "dash": "-/-/-/-",
        "maneuver": "1/1/1/-"
      },
      "laden": {
        "combat": "2/2/2/-",
        "dash": "-/-/-/-",
        "maneuver": "1/1/1/-"
      }
    },
    "ordnance": [
      {
        "type": "Harpoon",
        "quantity": 2
      }
    ],
    "capabilities": [
      "Night"
    ],
    "aam": null
  },
  "P-3C Orion (NE)": {
    "name": "P-3C Orion",
    "id": "NE-P-3C-ORION-NE-1",
    "model": "P-3C Orion",
    "nation": "NE",
    "crew": 13,
    "rwy": 4,
    "fuel": "U",
    "notes": "B, I",
    "weapons": {
      "gun": null,
      "gunDepletion": null,
      "irm": null,
      "irmDepletion": null,
      "rhm": null,
      "rhmDepletion": null
    },
    "bomb": null,
    "sight": null,
    "rwr": "C",
    "jam": null,
    "radar": "Surf",
    "speeds": {
      "clean": {
        "combat": "3/3/2/-",
        "dash": "-/-/-/-",
        "maneuver": "1/1/1/-"
      },
      "laden": null
    },
    "ordnance": [],
    "capabilities": [
      "Night"
    ],
    "aam": "AIM-9L (8)"
  },
  "Buccaneer S.2B": {
    "name": "Buccaneer S.2B",
    "id": "UK-BUCCANEER-S-2B-1",
    "model": "Buccaneer S.2B",
    "nation": "UK",
    "crew": 2,
    "rwy": 3,
    "fuel": 12,
    "notes": "D, E, I",
    "weapons": {
      "gun": null,
      "gunDepletion": null,
      "irm": null,
      "irmDepletion": null,
      "rhm": null,
      "rhmDepletion": null
    },
    "bomb": "2",
    "sight": "+1",
    "rwr": "B",
    "jam": "2n",
    "radar": "Surf",
    "speeds": {
      "clean": {
        "combat": "3/3/2/-",
        "dash": "4/4/3/-",
        "maneuver": "4/3/3/-"
      },
      "laden": {
        "combat": "2/2/2/-",
        "dash": "3/3/3/-",
        "maneuver": "2/2/2/-"
      }
    },
    "ordnance": [
      {
        "type": "LGB",
        "quantity": 1
      },
      {
        "type": "EOGB",
        "quantity": 1
      },
      {
        "type": "Sea Eagle",
        "quantity": 2
      },
      {
        "type": "AS.37",
        "quantity": 1
      }
    ],
    "capabilities": [
      "TFR",
      "Night"
    ],
    "aam": "AIM-9L (8)"
  },
  "Sea Harrier FRS.1": {
    "name": "Sea Harrier FRS.1",
    "id": "UK-SEA-HARRIER-FRS-1-1",
    "model": "Sea Harrier FRS.1",
    "nation": "UK",
    "crew": 1,
    "rwy": 0,
    "fuel": 5,
    "notes": "F, J, K",
    "weapons": {
      "gun": "30mm",
      "gunDepletion": 4,
      "irm": null,
      "irmDepletion": null,
      "rhm": null,
      "rhmDepletion": null
    },
    "bomb": "1.5",
    "sight": "+1",
    "rwr": "A",
    "jam": null,
    "radar": {
      "name": "Blue Fox",
      "type": "No LD, Surf",
      "range": null,
      "modifier": "[5] 4+: -1"
    },
    "speeds": {
      "clean": {
        "combat": "3/3/2/-",
        "dash": "4/4/3/-",
        "maneuver": "6/5/4/-"
      },
      "laden": {
        "combat": "2/2/2/-",
        "dash": "3/3/3/-",
        "maneuver": "3/3/2/-"
      }
    },
    "ordnance": [
      {
        "type": "Rockets",
        "quantity": null
      },
      {
        "type": "Sea Eagle",
        "quantity": 2
      }
    ],
    "capabilities": [
      "Radar",
      "Night(Ltd)"
    ],
    "aam": "AIM-9L (6), 30mm Gun (4)"
  },
  "Nimrod MR.2": {
    "name": "Nimrod MR.2",
    "id": "UK-NIMROD-MR-2-1",
    "model": "Nimrod MR.2",
    "nation": "UK",
    "crew": 13,
    "rwy": 4,
    "fuel": "U",
    "notes": "B, I",
    "weapons": {
      "gun": null,
      "gunDepletion": null,
      "irm": null,
      "irmDepletion": null,
      "rhm": null,
      "rhmDepletion": null
    },
    "bomb": null,
    "sight": null,
    "rwr": "C",
    "jam": null,
    "radar": "Surf",
    "speeds": {
      "clean": {
        "combat": "2/3/3/-",
        "dash": "-/-/-/-",
        "maneuver": "1/1/1/-"
      },
      "laden": null
    },
    "ordnance": [],
    "capabilities": [
      "Night"
    ],
    "aam": null
  },
  "Lynx HAS.3": {
    "name": "Lynx HAS.3",
    "id": "UK-LYNX-HAS-3-1",
    "model": "Lynx HAS.3",
    "nation": "UK",
    "crew": 2,
    "rwy": 0,
    "fuel": "U",
    "notes": "C",
    "weapons": {
      "gun": null,
      "gunDepletion": null,
      "irm": null,
      "irmDepletion": null,
      "rhm": null,
      "rhmDepletion": null
    },
    "bomb": null,
    "sight": null,
    "rwr": "C",
    "jam": null,
    "radar": "Surf",
    "speeds": {
      "clean": {
        "combat": "1/-/-/-",
        "dash": "-/-/-/-",
        "maneuver": "2/-/-/-"
      },
      "laden": null
    },
    "ordnance": [
      {
        "type": "EOGM",
        "quantity": 1
      }
    ],
    "capabilities": [
      "Night"
    ],
    "aam": null
  },
  "Tornado IDS (Navy)": {
    "name": "Tornado IDS (Navy)",
    "id": "UK-TORNADO-IDS-NAVY-1",
    "model": "Tornado IDS (Navy)",
    "nation": "UK",
    "crew": 2,
    "rwy": 3,
    "fuel": 9,
    "notes": "C",
    "weapons": {
      "gun": "27mm",
      "gunDepletion": 4,
      "irm": null,
      "irmDepletion": null,
      "rhm": null,
      "rhmDepletion": null
    },
    "bomb": "4/2",
    "sight": "+4",
    "rwr": "B",
    "jam": "3d",
    "radar": "Surf",
    "speeds": {
      "clean": {
        "combat": "4/4/5/-",
        "dash": "5/6/7/-",
        "maneuver": "4/5/6/-"
      },
      "laden": {
        "combat": "3/3/3/-",
        "dash": "4/4/5/-",
        "maneuver": "2/3/3/-"
      }
    },
    "ordnance": [
      {
        "type": "Kormoran",
        "quantity": 2
      }
    ],
    "capabilities": [
      "Radar",
      "Recon",
      "TFR",
      "Night"
    ],
    "aam": "AIM-9L (8), 27mm Gun (4)"
  },
  "BR.1150 Atlantic 2": {
    "name": "BR.1150 Atlantic 2",
    "id": "FRG-BR-1150-ATLANTIC-2-1",
    "model": "BR.1150 Atlantic 2",
    "nation": "FRG",
    "crew": 10,
    "rwy": 4,
    "fuel": "U",
    "notes": "B, I",
    "weapons": {
      "gun": null,
      "gunDepletion": null,
      "irm": null,
      "irmDepletion": null,
      "rhm": null,
      "rhmDepletion": null
    },
    "bomb": null,
    "sight": null,
    "rwr": "C",
    "jam": null,
    "radar": "Surf",
    "speeds": {
      "clean": {
        "combat": "2/2/-/-",
        "dash": "-/-/-/-",
        "maneuver": "1/1/-/-"
      },
      "laden": null
    },
    "ordnance": [],
    "capabilities": [
      "Night"
    ],
    "aam": null
  },
  "MK-41 Sea King": {
    "name": "MK-41 Sea King",
    "id": "FRG-MK-41-SEA-KING-1",
    "model": "MK-41 Sea King",
    "nation": "FRG",
    "crew": 4,
    "rwy": 0,
    "fuel": "U",
    "notes": null,
    "weapons": {
      "gun": null,
      "gunDepletion": null,
      "irm": null,
      "irmDepletion": null,
      "rhm": null,
      "rhmDepletion": null
    },
    "bomb": null,
    "sight": null,
    "rwr": "B",
    "jam": null,
    "radar": "Surf",
    "speeds": {
      "clean": {
        "combat": "1/-/-/-",
        "dash": "-/-/-/-",
        "maneuver": "2/-/-/-"
      },
      "laden": null
    },
    "ordnance": [
      {
        "type": "EOGM",
        "quantity": 1
      }
    ],
    "capabilities": [
      "Night"
    ],
    "aam": null
  },
  "F-16A (DK)": {
    "name": "F-16A Fighting Falcon",
    "id": "DK-F-16A-DK-1",
    "model": "F-16A Fighting Falcon",
    "nation": "DK",
    "nationOptions": [
      "DK",
      "NE"
    ],
    "crew": 1,
    "rwy": 2,
    "fuel": 6,
    "notes": "A, C, G",
    "weapons": {
      "gun": "20mm",
      "gunDepletion": 3,
      "irm": null,
      "irmDepletion": null,
      "rhm": null,
      "rhmDepletion": null
    },
    "bomb": "3/2",
    "sight": "+3",
    "rwr": "B/-",
    "jam": null,
    "radar": {
      "name": "APG-66",
      "type": "LD, Surf",
      "range": 12,
      "modifier": "10+: -1"
    },
    "speeds": {
      "clean": {
        "combat": "4/4/5/-",
        "dash": "5/6/8/-",
        "maneuver": "9/8/9/-"
      },
      "laden": {
        "combat": "3/3/4/-",
        "dash": "4/5/5/-",
        "maneuver": "4/5/5/-"
      }
    },
    "ordnance": [],
    "capabilities": [
      "Radar",
      "Night(Ltd)"
    ],
    "aam": "AIM-9L (3), 20mm Gun (3)"
  },
  "F-35XD Draken": {
    "name": "F-35XD Draken",
    "id": "DK-F-35XD-DRAKEN-1",
    "model": "F-35XD Draken",
    "nation": "DK",
    "crew": 1,
    "rwy": 3,
    "fuel": 6,
    "notes": "H",
    "weapons": {
      "gun": "30mm",
      "gunDepletion": 4,
      "irm": null,
      "irmDepletion": null,
      "rhm": null,
      "rhmDepletion": null
    },
    "bomb": "1.5",
    "sight": "+2",
    "rwr": "B",
    "jam": "3d",
    "radar": null,
    "speeds": {
      "clean": {
        "combat": "3/4/5/-",
        "dash": "4/5/7/-",
        "maneuver": "4/5/6/-"
      },
      "laden": {
        "combat": "3/3/4/-",
        "dash": "4/4/5/-",
        "maneuver": "2/3/3/-"
      }
    },
    "ordnance": [
      {
        "type": "Rockets",
        "quantity": null
      }
    ],
    "capabilities": [],
    "aam": "AIM-9N (3), 30mm Gun (4), 30mm Gun (4)"
  },
  "RF-35XD Draken": {
    "name": "RF-35XD Draken",
    "id": "DK-RF-35XD-DRAKEN-1",
    "model": "RF-35XD Draken",
    "nation": "DK",
    "crew": 1,
    "rwy": 3,
    "fuel": 8,
    "notes": null,
    "weapons": {
      "gun": null,
      "gunDepletion": null,
      "irm": null,
      "irmDepletion": null,
      "rhm": null,
      "rhmDepletion": null
    },
    "bomb": null,
    "sight": null,
    "rwr": "B",
    "jam": "3d",
    "radar": null,
    "speeds": {
      "clean": {
        "combat": "3/4/5/-",
        "dash": "4/5/7/-",
        "maneuver": "4/5/6/-"
      },
      "laden": {
        "combat": "3/3/4",
        "dash": "4/4/5/",
        "maneuver": "2/3/3/"
      }
    },
    "ordnance": [],
    "capabilities": [
      "Recon"
    ],
    "aam": null
  },
  "JA-37 Viggen": {
    "name": "JA-37 Viggen",
    "id": "SE-JA-37-VIGGEN-1",
    "model": "JA-37 Viggen",
    "nation": "SE",
    "crew": 1,
    "rwy": 2,
    "fuel": 7,
    "notes": "C, D, E, H",
    "weapons": {
      "gun": "30mm",
      "gunDepletion": 4,
      "irm": null,
      "irmDepletion": null,
      "rhm": null,
      "rhmDepletion": null
    },
    "bomb": null,
    "sight": "+2",
    "rwr": "B",
    "jam": null,
    "radar": {
      "name": "PS-46/A",
      "type": "LD, TS",
      "range": null,
      "modifier": "[4], 12+: -1"
    },
    "speeds": {
      "clean": {
        "combat": "3/4/5/-",
        "dash": "5/6/7/-",
        "maneuver": "5/6/7/-"
      },
      "laden": {
        "combat": "3/3/4/-",
        "dash": "4/4/5/-",
        "maneuver": "3/3/3/-"
      }
    },
    "ordnance": [
      {
        "type": "Rockets",
        "quantity": null
      }
    ],
    "capabilities": [
      "Night"
    ],
    "aam": "AIM-9P/L (3), Skyflash (3), 30mm Gun (4)"
  },
  "AJ-37 Viggen": {
    "name": "AJ-37 Viggen",
    "id": "SE-AJ-37-VIGGEN-1",
    "model": "AJ-37 Viggen",
    "nation": "SE",
    "crew": 1,
    "rwy": 2,
    "fuel": 8,
    "notes": "H",
    "weapons": {
      "gun": "30mm",
      "gunDepletion": 4,
      "irm": null,
      "irmDepletion": null,
      "rhm": null,
      "rhmDepletion": null
    },
    "bomb": "2",
    "sight": "+2",
    "rwr": "B",
    "jam": "3d",
    "radar": "Surf",
    "speeds": {
      "clean": {
        "combat": "3/4/5/-",
        "dash": "5/6/7/-",
        "maneuver": "5/5/6/-"
      },
      "laden": {
        "combat": "3/3/4/-",
        "dash": "4/4/5/-",
        "maneuver": "3/3/3/-"
      }
    },
    "ordnance": [
      {
        "type": "EOGM",
        "quantity": 1
      },
      {
        "type": "RB.04E",
        "quantity": 2
      },
      {
        "type": "Rockets",
        "quantity": null
      }
    ],
    "capabilities": [
      "Night",
      "Radar"
    ],
    "aam": "AIM-9P (8)"
  },
  "SH-37 Viggen": {
    "name": "SH-37 Viggen",
    "id": "SE-SH-37-VIGGEN-1",
    "model": "SH-37 Viggen",
    "nation": "SE",
    "crew": 1,
    "rwy": 2,
    "fuel": 8,
    "notes": null,
    "weapons": {
      "gun": null,
      "gunDepletion": null,
      "irm": null,
      "irmDepletion": null,
      "rhm": null,
      "rhmDepletion": null
    },
    "bomb": null,
    "sight": null,
    "rwr": "B",
    "jam": "3d",
    "radar": "Surf",
    "speeds": {
      "clean": {
        "combat": "3/4/5/-",
        "dash": "5/6/7/-",
        "maneuver": "5/5/6/-"
      },
      "laden": null
    },
    "ordnance": [],
    "capabilities": [
      "Recon",
      "Night"
    ],
    "aam": "AIM-9P (3)"
  },
  "J-35F2 Draken": {
    "name": "J-35F2 Draken",
    "id": "SE-J-35F2-DRAKEN-1",
    "model": "J-35F2 Draken",
    "nation": "SE",
    "crew": 1,
    "rwy": 2,
    "fuel": 6,
    "notes": "A, B, D",
    "weapons": {
      "gun": "30mm",
      "gunDepletion": 4,
      "irm": null,
      "irmDepletion": null,
      "rhm": null,
      "rhmDepletion": null
    },
    "bomb": "1",
    "sight": "+1",
    "rwr": null,
    "jam": null,
    "radar": {
      "name": "PS-011/A",
      "type": "No LD",
      "range": null,
      "modifier": "[6]"
    },
    "speeds": {
      "clean": {
        "combat": "3/4/5/-",
        "dash": "4/5/7/-",
        "maneuver": "4/5/6/-"
      },
      "laden": {
        "combat": "3/3/4/-",
        "dash": "4/4/5/-",
        "maneuver": "2/3/3/-"
      }
    },
    "ordnance": [
      {
        "type": "Rockets",
        "quantity": null
      }
    ],
    "capabilities": [
      "Night",
      "IRS1"
    ],
    "aam": "AIM-9P (3), AIM-4F (6), 30mm Gun (4)"
  },
  "J-32E Lansen": {
    "name": "J-32E Lansen",
    "id": "SE-J-32E-LANSEN-1",
    "model": "J-32E Lansen",
    "nation": "SE",
    "crew": 2,
    "rwy": 2,
    "fuel": 6,
    "notes": "F, G",
    "standoffJammingStrength": "7/14/28",
    "weapons": {
      "gun": null,
      "gunDepletion": null,
      "irm": null,
      "irmDepletion": null,
      "rhm": null,
      "rhmDepletion": null
    },
    "bomb": null,
    "sight": null,
    "rwr": "C",
    "jam": null,
    "radar": null,
    "speeds": {
      "clean": {
        "combat": "3/3/3/-",
        "dash": "4/4/4/-",
        "maneuver": "4/4/4/-"
      },
      "laden": null
    },
    "ordnance": [],
    "capabilities": [
      "Night"
    ],
    "aam": null
  }
}
