{
  "_comment": "Warsaw Pact OOB Tables (G2-L2) - Baltic Approaches Order of Battle Data",
  "_version": "1.0.0",
  "_created": "2025-11-19",
  "_description": "Warsaw Pact OOB tables for Baltic Approaches module",
  "_date_ranges": [
    "15-20 May",
    "21-31 May",
    "1-15 June"
  ],
  "G2": {
    "name": "WP Table G2 - QRA Flight",
    "faction": "WP",
    "description": "WP QRA flights sitting on air defense alert airfields both on- and off-map",
    "flightSize": 2,
    "result": "1 x {2} [QRA], CAP",
    "hasDate": true,
    "setupEntry": {
      "text": "USSR (MiG-23 Darmgarten, MiG-25/29 Entry 1), MiG (POL Entry 3/4), GDR (MiG-21MF GDR Entry 2, MiG-23ML MiG-23MF Peenem\u00fcnde). Set up in Ready status if at on-map airfield."
    },
    "dateRanges": {
      "15-20 May": {
        "nations": {
          "1-3": {
            "name": "USSR",
            "aircraft": {
              "6": {
                "name": "MiG-29A",
                "aircraftId": "USSR-MIG-29A-1"
              },
              "1-5": {
                "name": "MiG-23MLD",
                "aircraftId": "USSR-MIG-23MLD-1"
              },
              "9-10": {
                "name": "MiG-25PD",
                "aircraftId": "USSR-MIG-25PD-1"
              }
            }
          },
          "4-6": {
            "name": "POL",
            "aircraft": {
              "1-5": {
                "name": "MiG-21bis",
                "aircraftId": "POL-MIG-21BIS-1"
              },
              "6-10": {
                "name": "MiG-23MF",
                "aircraftId": "POL-MIG-23MF-1"
              }
            }
          },
          "7-10": {
            "name": "GDR",
            "aircraft": {
              "10": {
                "name": "MiG-23MF",
                "aircraftId": "POL-MIG-23MF-1"
              },
              "1-4": {
                "name": "MiG-21MF",
                "aircraftId": "POL-MIG-21MF-1"
              },
              "5-9": {
                "name": "MiG-23ML",
                "aircraftId": "GDR-MIG-23ML-1"
              }
            }
          }
        }
      },
      "21-31 May": {
        "nations": {
          "1-4": {
            "name": "USSR",
            "aircraft": {
              "10": {
                "name": "MiG-25PD",
                "aircraftId": "USSR-MIG-25PD-1"
              },
              "1-4": {
                "name": "MiG-23MLD",
                "aircraftId": "USSR-MIG-23MLD-1"
              },
              "5-7": {
                "name": "MiG-23ML",
                "aircraftId": "GDR-MIG-23ML-1"
              },
              "8-9": {
                "name": "MiG-29A",
                "aircraftId": "USSR-MIG-29A-1"
              }
            }
          },
          "5-7": {
            "name": "POL",
            "aircraft": {
              "1-5": {
                "name": "MiG-21bis",
                "aircraftId": "POL-MIG-21BIS-1"
              },
              "6-10": {
                "name": "MiG-23MF",
                "aircraftId": "POL-MIG-23MF-1"
              }
            }
          },
          "8-10": {
            "name": "GDR",
            "aircraft": {
              "1-6": {
                "name": "MiG-21MF",
                "aircraftId": "POL-MIG-21MF-1"
              },
              "7-10": {
                "name": "MiG-23ML",
                "aircraftId": "GDR-MIG-23ML-1"
              }
            }
          }
        }
      },
      "1-15 June": {
        "nations": {
          "1-5": {
            "name": "USSR",
            "aircraft": {
              "10": {
                "name": "Su-27S",
                "aircraftId": "USSR-SU-27S-1"
              },
              "1-5": {
                "name": "MiG-23MLD",
                "aircraftId": "USSR-MIG-23MLD-1"
              },
              "6-9": {
                "name": "MiG-29A",
                "aircraftId": "USSR-MIG-29A-1"
              }
            }
          },
          "6-8": {
            "name": "POL",
            "aircraft": {
              "1-5": {
                "name": "MiG-21bis",
                "aircraftId": "POL-MIG-21BIS-1"
              },
              "6-10": {
                "name": "MiG-23MF",
                "aircraftId": "POL-MIG-23MF-1"
              }
            }
          },
          "9-10": {
            "name": "GDR",
            "aircraft": {
              "1-10": {
                "name": "MiG-23ML",
                "aircraftId": "GDR-MIG-23ML-1"
              }
            }
          }
        }
      }
    }
  },
  "H2": {
    "name": "WP Table H2 - Fighter Sweep",
    "faction": "WP",
    "description": "WP Fighter Sweep - Squadron-sized fighter patrols ahead of WP raids",
    "flightSize": 4,
    "result": "3 x {4} [CAP], CAP",
    "hasDate": true,
    "additionalNote": "MiG-23MLD flights have a 2n defensive jamming rating.",
    "dateRanges": {
      "15-31 May": {
        "nations": {
          "10": {
            "name": "GDR",
            "aircraft": {
              "1-10": {
                "name": "MiG-23ML",
                "aircraftId": "GDR-MIG-23ML-1"
              }
            }
          },
          "1-7": {
            "name": "USSR",
            "aircraft": {
              "10": {
                "name": "Su-27S",
                "aircraftId": "USSR-SU-27S-1"
              },
              "1-5": {
                "name": "MiG-23MLD",
                "aircraftId": "USSR-MIG-23MLD-1"
              },
              "6-9": {
                "name": "MiG-23MLD",
                "aircraftId": "USSR-MIG-23MLD-1"
              }
            }
          },
          "8-9": {
            "name": "POL",
            "aircraft": {
              "1-5": {
                "name": "MiG-21bis",
                "aircraftId": "POL-MIG-21BIS-1"
              },
              "6-10": {
                "name": "MiG-23MF",
                "aircraftId": "POL-MIG-23MF-1"
              }
            }
          }
        }
      },
      "1-15 June": {
        "nations": {
          "10": {
            "name": "GDR",
            "aircraft": {
              "1-10": {
                "name": "MiG-23ML",
                "aircraftId": "GDR-MIG-23ML-1"
              }
            }
          },
          "1-7": {
            "name": "USSR",
            "aircraft": {
              "10": {
                "name": "Su-27S",
                "aircraftId": "USSR-SU-27S-1"
              },
              "1-5": {
                "name": "MiG-23MLD",
                "aircraftId": "USSR-MIG-23MLD-1"
              },
              "6-9": {
                "name": "MiG-21bis",
                "aircraftId": "POL-MIG-21BIS-1"
              }
            }
          },
          "8-9": {
            "name": "POL",
            "aircraft": {
              "1-5": {
                "name": "MiG-21bis",
                "aircraftId": "POL-MIG-21BIS-1"
              },
              "6-10": {
                "name": "MiG-23MF",
                "aircraftId": "POL-MIG-23MF-1"
              }
            }
          }
        }
      }
    }
  },
  "I2": {
    "name": "WP Table I2 - Bombing Raid",
    "faction": "WP",
    "description": "WP Bombing Raid - Packages of flights tasked with attacking NATO ground forces near the front lines",
    "hasTasking": true,
    "hasDate": false,
    "ordnanceNote": "SEAD flights may always carry ARMs, if capable.",
    "nationalities": {
      "GDR": {
        "name": "GDR Bombing Raid",
        "result": "3 x {4} [Close Escort], Close Escort; 2 x {4} [SEAD], SEAD; 5 x {4} [Bombing], Bombing",
        "taskings": {
          "Close Escort": {
            "flightSize": 4,
            "flightCount": 3,
            "aircraft": {
              "10": {
                "name": "MiG-23MF",
                "aircraftId": "POL-MIG-23MF-1"
              },
              "1-4": {
                "name": "MiG-21MF",
                "aircraftId": "POL-MIG-21MF-1"
              },
              "5-9": {
                "name": "MiG-23ML",
                "aircraftId": "GDR-MIG-23ML-1"
              }
            }
          },
          "SEAD": {
            "flightSize": 4,
            "flightCount": 2,
            "aircraft": {
              "10": {
                "name": "MiG-21SPS",
                "aircraftId": null
              },
              "1-4": {
                "name": "MiG-21MF",
                "aircraftId": "POL-MIG-21MF-1"
              },
              "5-9": {
                "name": "Su-22M4",
                "aircraftId": "POL-SU-22M4-1"
              }
            }
          },
          "Bombing": {
            "flightSize": 4,
            "flightCount": 5,
            "aircraft": {
              "1-5": {
                "name": "MiG-21MF",
                "aircraftId": "POL-MIG-21MF-1"
              },
              "6-10": {
                "name": "Su-22M4",
                "aircraftId": "POL-SU-22M4-1"
              }
            }
          }
        },
        "ordnanceRolls": {
          "SEAD": {
            "1-5": "Bombs/CBU/Rockets",
            "6-7": "Bombs/CBU/Rockets + EOGM/ARM",
            "8-10": "Bombs/CBU/Rockets + EOGM/ARM + EOGB/LGB"
          },
          "Bombing": {
            "1-5": "Bombs/CBU/Rockets",
            "6-7": "Bombs/CBU/Rockets + EOGM/ARM",
            "8-10": "Bombs/CBU/Rockets + EOGM/ARM + EOGB/LGB"
          }
        }
      },
      "POL": {
        "name": "POL Bombing Raid",
        "result": "3 x {4} [Close Escort], Close Escort; 2 x {4} [SEAD], SEAD; 5 x {4} [Bombing], Bombing",
        "taskings": {
          "Close Escort": {
            "flightSize": 4,
            "flightCount": 3,
            "aircraft": {
              "1-5": {
                "name": "MiG-21bis",
                "aircraftId": "POL-MIG-21BIS-1"
              },
              "6-10": {
                "name": "MiG-23MF",
                "aircraftId": "POL-MIG-23MF-1"
              }
            }
          },
          "SEAD": {
            "flightSize": 4,
            "flightCount": 2,
            "aircraft": {
              "1-6": {
                "name": "MiG-21MF",
                "aircraftId": "POL-MIG-21MF-1"
              },
              "7-10": {
                "name": "Su-22MK",
                "aircraftId": null
              }
            }
          },
          "Bombing": {
            "flightSize": 4,
            "flightCount": 5,
            "aircraft": {
              "1-2": {
                "name": "MiG-21MF",
                "aircraftId": "POL-MIG-21MF-1"
              },
              "3-5": {
                "name": "Su-20MK",
                "aircraftId": "POL-SU-20MK-1"
              },
              "6-10": {
                "name": "Su-22M4",
                "aircraftId": "POL-SU-22M4-1"
              }
            }
          }
        },
        "ordnanceRolls": {
          "SEAD": {
            "1-5": "Bombs/CBU/Rockets",
            "6-7": "Bombs/CBU/Rockets + EOGM/ARM",
            "8-10": "Bombs/CBU/Rockets + EOGM/ARM + LGB/LGB"
          },
          "Bombing": {
            "1-5": "Bombs/CBU/Rockets",
            "6-7": "Bombs/CBU/Rockets + EOGM/ARM",
            "8-10": "Bombs/CBU/Rockets + EOGM/ARM + LGB/LGB"
          }
        }
      },
      "USSR": {
        "name": "USSR Bombing Raid",
        "result": "3 x {4} [Close Escort], Close Escort; 2 x {4} [SEAD], SEAD; 5 x {4} [Bombing], Bombing",
        "taskings": {
          "Close Escort": {
            "flightSize": 4,
            "flightCount": 3,
            "aircraft": {
              "1-4": {
                "name": "MiG-21bis",
                "aircraftId": "POL-MIG-21BIS-1"
              },
              "5-10": {
                "name": "MiG-23MLD",
                "aircraftId": "USSR-MIG-23MLD-1"
              }
            }
          },
          "SEAD": {
            "flightSize": 4,
            "flightCount": 2,
            "aircraft": {
              "1-2": {
                "name": "Su-17M3",
                "aircraftId": "USSR-SU-17M3-1"
              },
              "3-5": {
                "name": "MiG-27M",
                "aircraftId": "USSR-MIG-27M-1"
              },
              "6-10": {
                "name": "Su-24M",
                "aircraftId": "USSR-SU-24M-1"
              }
            }
          },
          "Bombing": {
            "flightSize": 4,
            "flightCount": 5,
            "aircraft": {
              "1-3": {
                "name": "Su-17M3",
                "aircraftId": "USSR-SU-17M3-1"
              },
              "4-7": {
                "name": "MiG-27M",
                "aircraftId": "USSR-MIG-27M-1"
              },
              "6-10": {
                "name": "MiG-23MLA",
                "aircraftId": "USSR-MIG-23MLA-1"
              }
            }
          }
        },
        "ordnanceRolls": {
          "SEAD": {
            "1-5": "Bombs/CBU/Rockets",
            "6-7": "Bombs/CBU/Rockets + EOGM/ARM",
            "8-10": "Bombs/CBU/Rockets + EOGM/ARM + EOGB/LGB"
          },
          "Bombing": {
            "1-5": "Bombs/CBU/Rockets",
            "6-7": "Bombs/CBU/Rockets + EOGM/ARM",
            "8-10": "Bombs/CBU/Rockets + EOGM/ARM + EOGB/LGB"
          }
        }
      }
    }
  },
  "J2": {
    "name": "WP Table J2 - Deep Strike Raid",
    "faction": "WP",
    "description": "WP Deep Strike Raid - Packages of flights tasked with hitting NATO targets deep behind the lines",
    "hasTasking": true,
    "hasDate": false,
    "nationality": "USSR Only",
    "ordnanceNote": "All Bombing flights may carry any air-to-ground ordnance allowed for the specified aircraft type. Recon flights may only carry air-to-air missiles and guns, if capable. No other ordnance allowed.",
    "additionalNote": "MiG-23MLD flights have a 2n defensive jamming rating.",
    "result": "3 x {1} [Escort Jamming], Escort Jamming; 3 x {4} [Close Escort], Close Escort; 6 x {4} [Deep Strike], Bombing; 3 x {1} [Recon], Recon",
    "taskings": {
      "Escort Jamming": {
        "flightSize": 1,
        "flightCount": 3,
        "nations": {
          "1-10": {
            "name": "USSR",
            "aircraft": {
              "1-2": {
                "name": "Su-24MP",
                "aircraftId": "USSR-SU-24MP-1"
              },
              "3-7": {
                "name": "MiG-25BM",
                "aircraftId": "USSR-MIG-25BM-1"
              },
              "8-10": {
                "name": "Tu-22PD",
                "aircraftId": "USSR-TU-22PD-1"
              }
            }
          }
        }
      },
      "Close Escort": {
        "flightSize": 4,
        "flightCount": 3,
        "nations": {
          "1-10": {
            "name": "USSR",
            "aircraft": {
              "1-7": {
                "name": "MiG-23MLD",
                "aircraftId": "USSR-MIG-23MLD-1"
              },
              "8-10": {
                "name": "MiG-23MLA",
                "aircraftId": "USSR-MIG-23MLA-1"
              }
            }
          }
        }
      },
      "Deep Strike": {
        "flightSize": 4,
        "flightCount": 6,
        "nations": {
          "1-10": {
            "name": "USSR",
            "aircraft": {
              "1-4": {
                "name": "Tu-22M2",
                "aircraftId": "USSR-TU-22M2-1"
              },
              "5-6": {
                "name": "Tu-16K",
                "aircraftId": "USSR-TU-16K-1"
              },
              "7-10": {
                "name": "Su-24M",
                "aircraftId": "USSR-SU-24M-1"
              }
            }
          }
        }
      },
      "Recon": {
        "flightSize": 1,
        "flightCount": 3,
        "nations": {
          "1-10": {
            "name": "USSR",
            "aircraft": {
              "1-5": {
                "name": "Su-24MR",
                "aircraftId": "USSR-SU-24MR-1"
              },
              "6-8": {
                "name": "Su-17M3R",
                "aircraftId": "USSR-SU-17M3R-1"
              },
              "9-10": {
                "name": "MiG-25RB",
                "aircraftId": "USSR-MIG-25RB-1"
              }
            }
          }
        }
      }
    },
    "ordnanceRolls": {
      "Deep Strike": {
        "1-5": "Bombs/CBU/Rockets",
        "6-7": "Bombs/CBU/Rockets + EOGM/ARM",
        "8-10": "Bombs/CBU/Rockets + EOGM/ARM + EOGB/LGB"
      }
    }
  },
  "J3": {
    "name": "WP Table J3 - Naval Strike Raid",
    "faction": "WP",
    "description": "WP Naval Strike Raid - Specialized naval strike aircraft led by SEAD flights",
    "hasNationality": false,
    "hasDate": false,
    "ordnanceNote": "All Bombing and SEAD flights may only carry Bombs, ARM, EOGM, EOGB, or LGB ordnance. Recon flights may only carry air-to-air missiles and guns.",
    "nationalities": {
      "USSR": {
        "name": "USSR Raid",
        "result": "1 x {1} [Maritime Patrol], Maritime Patrol; 2 x {4} [SEAD], SEAD; 4 x {4} [Naval Strike], Naval Strike; 3 x {1} [Recon], Recon",
        "flights": [
          {
            "type": "Maritime Patrol",
            "flightSize": 1,
            "flightCount": 1,
            "aircraft": {
              "1-4": {
                "name": "Tu-22RD",
                "aircraftId": "USSR-TU-22RD-1"
              },
              "5-8": {
                "name": "IL-38",
                "aircraftId": "USSR-IL-38-1"
              },
              "9-10": {
                "name": "Tu-95RT",
                "aircraftId": "USSR-TU-95RT-1"
              }
            }
          },
          {
            "type": "SEAD",
            "flightSize": 4,
            "flightCount": 2,
            "aircraft": {
              "1-3": {
                "name": "Su-17M3",
                "aircraftId": "USSR-SU-17M3-1"
              },
              "4-6": {
                "name": "MiG-27M",
                "aircraftId": "USSR-MIG-27M-1"
              },
              "7-10": {
                "name": "Su-24M",
                "aircraftId": "USSR-SU-24M-1"
              }
            }
          },
          {
            "type": "Naval Strike",
            "flightSize": 4,
            "flightCount": 4,
            "aircraft": {
              "1-3": {
                "name": "Su-17M3",
                "aircraftId": "USSR-SU-17M3-1"
              },
              "4-7": {
                "name": "MiG-27M",
                "aircraftId": "USSR-MIG-27M-1"
              },
              "8-10": {
                "name": "Su-24M",
                "aircraftId": "USSR-SU-24M-1"
              }
            }
          },
          {
            "type": "Recon",
            "flightSize": 1,
            "flightCount": 3,
            "aircraft": {
              "1-5": {
                "name": "Su-24MR",
                "aircraftId": "USSR-SU-24MR-1"
              },
              "6-8": {
                "name": "Su-17M3R",
                "aircraftId": "USSR-SU-17M3R-1"
              },
              "9-10": {
                "name": "MiG-25RB",
                "aircraftId": "USSR-MIG-25RB-1"
              }
            }
          }
        ]
      },
      "GDR": {
        "name": "GDR Raid",
        "result": "1 x {1} [Maritime Patrol], Maritime Patrol (USSR Flight); 2 x {4} [SEAD], SEAD; 4 x {4} [Naval Strike], Naval Strike; 2 x {1} [MiG-21M], Recon",
        "flights": [
          {
            "type": "Maritime Patrol",
            "flightSize": 1,
            "flightCount": 1,
            "aircraft": {
              "1-4": {
                "name": "Tu-22RD",
                "aircraftId": "USSR-TU-22RD-1"
              },
              "5-8": {
                "name": "IL-38",
                "aircraftId": "USSR-IL-38-1"
              },
              "9-10": {
                "name": "Tu-95RT",
                "aircraftId": "USSR-TU-95RT-1"
              }
            }
          },
          {
            "type": "SEAD",
            "flightSize": 4,
            "flightCount": 2,
            "aircraft": {
              "1-4": {
                "name": "MiG-21MF",
                "aircraftId": "POL-MIG-21MF-1"
              },
              "5-10": {
                "name": "Su-22M4",
                "aircraftId": "POL-SU-22M4-1"
              }
            }
          },
          {
            "type": "Naval Strike",
            "flightSize": 4,
            "flightCount": 4,
            "aircraft": {
              "1-4": {
                "name": "MiG-21MF",
                "aircraftId": "POL-MIG-21MF-1"
              },
              "5-10": {
                "name": "Su-22M4",
                "aircraftId": "POL-SU-22M4-1"
              }
            }
          },
          {
            "type": "Recon",
            "flightSize": 1,
            "flightCount": 2,
            "aircraft": {
              "1-10": {
                "name": "MiG-21RF",
                "aircraftId": "POL-MIG-21RF-1"
              }
            }
          }
        ]
      },
      "POL": {
        "name": "POL Raid",
        "result": "1 x {1} [Maritime Patrol], Maritime Patrol (USSR Flight); 2 x {4} [SEAD], SEAD; 4 x {4} [Naval Strike], Naval Strike; 2 x {1} [MiG-21RF], Recon",
        "flights": [
          {
            "type": "Maritime Patrol",
            "flightSize": 1,
            "flightCount": 1,
            "aircraft": {
              "1-4": {
                "name": "Tu-22RD",
                "aircraftId": "USSR-TU-22RD-1"
              },
              "5-8": {
                "name": "IL-38",
                "aircraftId": "USSR-IL-38-1"
              },
              "9-10": {
                "name": "Tu-95RT",
                "aircraftId": "USSR-TU-95RT-1"
              }
            }
          },
          {
            "type": "SEAD",
            "flightSize": 4,
            "flightCount": 2,
            "aircraft": {
              "1-4": {
                "name": "MiG-21MF",
                "aircraftId": "POL-MIG-21MF-1"
              },
              "5-7": {
                "name": "Su-20MK",
                "aircraftId": "POL-SU-20MK-1"
              },
              "8-10": {
                "name": "Su-22M4",
                "aircraftId": "POL-SU-22M4-1"
              }
            }
          },
          {
            "type": "Naval Strike",
            "flightSize": 4,
            "flightCount": 4,
            "aircraft": {
              "1-5": {
                "name": "Su-20MK",
                "aircraftId": "POL-SU-20MK-1"
              },
              "6-10": {
                "name": "Su-22M4",
                "aircraftId": "POL-SU-22M4-1"
              }
            }
          },
          {
            "type": "Recon",
            "flightSize": 1,
            "flightCount": 2,
            "aircraft": {
              "1-10": {
                "name": "MiG-21RF",
                "aircraftId": "POL-MIG-21RF-1"
              }
            }
          }
        ]
      }
    },
    "ordnanceRolls": {
      "SEAD": {
        "1-5": "Bombs/CBU/Rockets",
        "6-7": "Bombs/CBU/Rockets + EOGM/ARM",
        "8-10": "Bombs/CBU/Rockets + EOGM/ARM + LGB/EOGB"
      },
      "Naval Strike": {
        "1-5": "Bombs/CBU/Rockets",
        "6-7": "Bombs/CBU/Rockets + EOGM/ARM",
        "8-10": "Bombs/CBU/Rockets + EOGM/ARM + LGB/EOGB"
      }
    }
  },
  "K2": {
    "name": "WP Table K2 - Combat Rescue",
    "faction": "WP",
    "description": "Combat Search and Rescue operations for downed pilots",
    "hasNationality": true,
    "hasDate": false,
    "ordnanceNote": "All flights tasked with Rescue Support may carry any ordnance allowed for the specified aircraft type.",
    "additionalNote": "GDR CSAR raids do not receive Rescue Support flights at Night.",
    "setupEntry": {
      "text": "Nationality: WP CSAR raids are always GDR raids. If the crew is in a Land Hex in West Germany, generate a GDR Land CSAR raid. If the crew is in a Sea hex, generate a GDR Naval CSAR raid."
    },
    "nationalities": {
      "GDR": {
        "name": "GDR Land Combat Rescue Raid",
        "result": "2 x {2} [Rescue Support], Rescue Support; 2 x {1} [Mi-8], CSAR",
        "flights": [
          {
            "type": "Rescue Support",
            "flightSize": 2,
            "flightCount": 2,
            "aircraft": {
              "1-5": {
                "name": "MiG-21SP",
                "aircraftId": null
              },
              "6-10": {
                "name": "MiG-21MF",
                "aircraftId": "POL-MIG-21MF-1"
              }
            }
          },
          {
            "type": "CSAR",
            "flightSize": 1,
            "flightCount": 2,
            "aircraft": {
              "1-10": {
                "name": "Mi-8",
                "aircraftId": "USSR-MI-8-1"
              }
            }
          }
        ]
      },
      "GDR Naval": {
        "name": "GDR Naval Combat Rescue Raid",
        "result": "2 x {2} [Su-22M4], Rescue Support; 2 x {1} [Mi-14], CSAR",
        "flights": [
          {
            "type": "Rescue Support",
            "flightSize": 2,
            "flightCount": 2,
            "aircraft": {
              "1-10": {
                "name": "Su-22M4",
                "aircraftId": "POL-SU-22M4-1"
              }
            }
          },
          {
            "type": "CSAR",
            "flightSize": 1,
            "flightCount": 2,
            "aircraft": {
              "1-10": {
                "name": "Mi-14",
                "aircraftId": null
              }
            }
          }
        ]
      }
    }
  },
  "L2": {
    "name": "WP Table L2 - Special Missions",
    "faction": "WP",
    "description": "WP Special Missions - Specialized missions needed in this part of the front",
    "hasMissionType": true,
    "hasDate": false,
    "missionTypes": {
      "Standoff Jamming": {
        "name": "Standoff Jamming",
        "flightSize": 1,
        "flightCount": 1,
        "description": "Standoff Jamming mission",
        "ordnanceNote": "Standoff Jamming flights may not carry any ordnance or air-to-air weapons.",
        "nations": {
          "1-10": {
            "name": "USSR",
            "aircraft": {
              "1-4": {
                "name": "An-12PP",
                "aircraftId": "USSR-AN-12PP-1"
              },
              "5-7": {
                "name": "Su-24MP",
                "aircraftId": "USSR-SU-24MP-1"
              },
              "8-10": {
                "name": "Tu-16P",
                "aircraftId": "USSR-TU-16P-1"
              }
            }
          }
        }
      },
      "Maritime Patrol": {
        "name": "Maritime Patrol",
        "flightSize": 1,
        "flightCount": 1,
        "description": "Maritime Patrol mission",
        "ordnanceNote": "Standoff Jamming flights may not carry any ordnance or air-to-air weapons.",
        "nations": {
          "1-10": {
            "name": "USSR",
            "aircraft": {
              "1-4": {
                "name": "Tu-22RD",
                "aircraftId": "USSR-TU-22RD-1"
              },
              "5-8": {
                "name": "IL-38",
                "aircraftId": "USSR-IL-38-1"
              },
              "9-10": {
                "name": "Tu-95RT",
                "aircraftId": "USSR-TU-95RT-1"
              }
            }
          }
        }
      }
    }
  }
}
