{
  "_comment": "NATO OOB Tables (A-F) - Red Storm Order of Battle Data",
  "_version": "2.0.0-phase2-extracted",
  "_extraction_date": "2025-10-26",
  "_source": "Extracted from index.html oobTables object",
  "A": {
    "name": "NATO Table A - QRA Flight",
    "faction": "NATO",
    "description": "Quick Reaction Alert flights on standby at designated airbases",
    "result": "1 x {2} [QRA], CAP",
    "flightSize": 2,
    "hasATAF": true,
    "hasDate": true,
    "variants": {
      "2ATAF": {
        "pre": {
          "nations": {
            "1-4": {
              "name": "UK",
              "aircraft": {
                "1-6": {
                  "name": "FGR2",
                  "aircraftId": "UK-PHANTOM-FGR-2-1"
                },
                "7-10": {
                  "name": "Harrier GR3",
                  "aircraftId": "UK-HARRIER-GR-3-1"
                }
              }
            },
            "5-6": {
              "name": "BE/NE",
              "aircraft": {
                "10": {
                  "name": "NF-5A",
                  "aircraftId": "NE-NF-5A-1"
                },
                "1-5": {
                  "name": "F-16A(BE)",
                  "aircraftId": "US-F-16A-1"
                },
                "6-9": {
                  "name": "F-16A(NE)",
                  "aircraftId": "US-F-16A-1"
                }
              }
            },
            "7-10": {
              "name": "FRG",
              "aircraft": {
                "1-10": {
                  "name": "F-4F",
                  "aircraftId": "FRG-F-4F-1"
                }
              }
            }
          }
        },
        "post": {
          "nations": {
            "7": {
              "name": "BE/NE",
              "aircraft": {
                "10": {
                  "name": "NF-5A",
                  "aircraftId": "NE-NF-5A-1"
                },
                "1-5": {
                  "name": "F-16A(BE)",
                  "aircraftId": "US-F-16A-1"
                },
                "6-9": {
                  "name": "F-16A(NE)",
                  "aircraftId": "US-F-16A-1"
                }
              }
            },
            "1-6": {
              "name": "UK",
              "aircraft": {
                "1-6": {
                  "name": "FGR2",
                  "aircraftId": "UK-PHANTOM-FGR-2-1"
                },
                "7-10": {
                  "name": "Harrier GR3",
                  "aircraftId": "UK-HARRIER-GR-3-1"
                }
              }
            },
            "8-10": {
              "name": "FRG",
              "aircraft": {
                "1-10": {
                  "name": "F-4F",
                  "aircraftId": "FRG-F-4F-1"
                }
              }
            }
          }
        }
      },
      "4ATAF": {
        "pre": {
          "nations": {
            "1-5": {
              "name": "US",
              "aircraft": {
                "1-2": {
                  "name": "F-4D",
                  "aircraftId": "US-F-4D-1"
                },
                "3-4": {
                  "name": "F-4E",
                  "aircraftId": "US-F-4E-1"
                },
                "5-8": {
                  "name": "F-16A",
                  "aircraftId": "US-F-16A-1"
                },
                "9-10": {
                  "name": "F-16C",
                  "aircraftId": "US-F-16C-1"
                }
              }
            },
            "6-8": {
              "name": "FRG",
              "aircraft": {
                "1-8": {
                  "name": "F-4F",
                  "aircraftId": "FRG-F-4F-1"
                },
                "9-10": {
                  "name": "F-104G",
                  "aircraftId": "FRG-F-104G-1"
                }
              }
            },
            "9-10": {
              "name": "CAN",
              "aircraft": {
                "1-8": {
                  "name": "CF-18A",
                  "aircraftId": "CAN-CF-18A-1"
                },
                "9-10": {
                  "name": "CF-5A",
                  "aircraftId": "CAN-CF-5A-1"
                }
              }
            }
          }
        },
        "post": {
          "nations": {
            "10": {
              "name": "CAN",
              "aircraft": {
                "1-8": {
                  "name": "CF-18A",
                  "aircraftId": "CAN-CF-18A-1"
                },
                "9-10": {
                  "name": "CF-5A",
                  "aircraftId": "CAN-CF-5A-1"
                }
              }
            },
            "1-7": {
              "name": "US",
              "aircraft": {
                "1-2": {
                  "name": "F-4D",
                  "aircraftId": "US-F-4D-1"
                },
                "3-4": {
                  "name": "F-4E",
                  "aircraftId": "US-F-4E-1"
                },
                "5-8": {
                  "name": "F-16A",
                  "aircraftId": "US-F-16A-1"
                },
                "9-10": {
                  "name": "F-16C",
                  "aircraftId": "US-F-16C-1"
                }
              }
            },
            "8-9": {
              "name": "FRG",
              "aircraft": {
                "1-8": {
                  "name": "F-4F",
                  "aircraftId": "FRG-F-4F-1"
                },
                "9-10": {
                  "name": "F-104G",
                  "aircraftId": "FRG-F-104G-1"
                }
              }
            }
          }
        }
      }
    }
  },
  "B": {
    "name": "NATO Table B - CAP Flight",
    "faction": "NATO",
    "hasATAF": true,
    "hasDate": true,
    "description": "NATO CAP Flight - Flights in the air at designated Orbit Points",
    "result": "1 x {2} [CAP], CAP",
    "zones": {
      "2ATAF": {
        "pre": {
          "nations": {
            "1-2": {
              "name": "US",
              "aircraft": {
                "10": {
                  "name": "F-4D",
                  "aircraftId": "US-F-4D-1"
                },
                "1-2": {
                  "name": "F-15A",
                  "aircraftId": "US-F-15A-1"
                },
                "3-6": {
                  "name": "F-15C",
                  "aircraftId": "US-F-15C-1"
                },
                "7-9": {
                  "name": "F-4E",
                  "aircraftId": "US-F-4E-1"
                }
              }
            },
            "3-5": {
              "name": "UK",
              "aircraft": {
                "1-7": {
                  "name": "FGR2",
                  "aircraftId": "UK-PHANTOM-FGR-2-1"
                },
                "8-10": {
                  "name": "Tornado F2A",
                  "aircraftId": "UK-TORNADO-F-2A-1"
                }
              }
            },
            "6-7": {
              "name": "BE/NE",
              "aircraft": {
                "1-5": {
                  "name": "F-16A(BE)",
                  "aircraftId": "US-F-16A-1"
                },
                "6-10": {
                  "name": "F-16A(NE)",
                  "aircraftId": "US-F-16A-1"
                }
              }
            },
            "8-10": {
              "name": "FRG",
              "aircraft": {
                "1-10": {
                  "name": "F-4F",
                  "aircraftId": "FRG-F-4F-1"
                }
              }
            }
          }
        },
        "post": {
          "nations": {
            "1-4": {
              "name": "US",
              "aircraft": {
                "10": {
                  "name": "F-4D",
                  "aircraftId": "US-F-4D-1"
                },
                "1-2": {
                  "name": "F-15A",
                  "aircraftId": "US-F-15A-1"
                },
                "3-6": {
                  "name": "F-15C",
                  "aircraftId": "US-F-15C-1"
                },
                "7-9": {
                  "name": "F-4E",
                  "aircraftId": "US-F-4E-1"
                }
              }
            },
            "5-6": {
              "name": "UK",
              "aircraft": {
                "1-7": {
                  "name": "FGR2",
                  "aircraftId": "UK-PHANTOM-FGR-2-1"
                },
                "8-10": {
                  "name": "Tornado F2A",
                  "aircraftId": "UK-TORNADO-F-2A-1"
                }
              }
            },
            "7-8": {
              "name": "BE/NE",
              "aircraft": {
                "1-5": {
                  "name": "F-16A(BE)",
                  "aircraftId": "US-F-16A-1"
                },
                "6-10": {
                  "name": "F-16A(NE)",
                  "aircraftId": "US-F-16A-1"
                }
              }
            },
            "9-10": {
              "name": "FRG",
              "aircraft": {
                "1-10": {
                  "name": "F-4F",
                  "aircraftId": "FRG-F-4F-1"
                }
              }
            }
          }
        }
      },
      "4ATAF": {
        "pre": {
          "nations": {
            "1-5": {
              "name": "US",
              "aircraft": {
                "10": {
                  "name": "F-4D",
                  "aircraftId": "US-F-4D-1"
                },
                "1-2": {
                  "name": "F-15A",
                  "aircraftId": "US-F-15A-1"
                },
                "3-6": {
                  "name": "F-15C",
                  "aircraftId": "US-F-15C-1"
                },
                "7-9": {
                  "name": "F-4E",
                  "aircraftId": "US-F-4E-1"
                }
              }
            },
            "6-8": {
              "name": "FRG",
              "aircraft": {
                "10": {
                  "name": "F-104G",
                  "aircraftId": "FRG-F-104G-1"
                },
                "1-9": {
                  "name": "F-4F",
                  "aircraftId": "FRG-F-4F-1"
                }
              }
            },
            "9-10": {
              "name": "CAN",
              "aircraft": {
                "10": {
                  "name": "CF-5A",
                  "aircraftId": "CAN-CF-5A-1"
                },
                "1-9": {
                  "name": "CF-18A",
                  "aircraftId": "CAN-CF-18A-1"
                }
              }
            }
          }
        },
        "post": {
          "nations": {
            "10": {
              "name": "CAN",
              "aircraft": {
                "10": {
                  "name": "CF-5A",
                  "aircraftId": "CAN-CF-5A-1"
                },
                "1-9": {
                  "name": "CF-18A",
                  "aircraftId": "CAN-CF-18A-1"
                }
              }
            },
            "1-7": {
              "name": "US",
              "aircraft": {
                "10": {
                  "name": "F-4D",
                  "aircraftId": "US-F-4D-1"
                },
                "1-2": {
                  "name": "F-15A",
                  "aircraftId": "US-F-15A-1"
                },
                "3-6": {
                  "name": "F-15C",
                  "aircraftId": "US-F-15C-1"
                },
                "7-9": {
                  "name": "F-4E",
                  "aircraftId": "US-F-4E-1"
                }
              }
            },
            "8-9": {
              "name": "FRG",
              "aircraft": {
                "10": {
                  "name": "F-104G",
                  "aircraftId": "FRG-F-104G-1"
                },
                "1-9": {
                  "name": "F-4F",
                  "aircraftId": "FRG-F-4F-1"
                }
              }
            }
          }
        }
      }
    }
  },
  "C": {
    "name": "NATO Table C - Bombing Raid",
    "faction": "NATO",
    "hasTasking": true,
    "hasDate": true,
    "description": "NATO Bombing Raid - Package of CAP, SEAD, and Bombing flights",
    "ordnanceNote": "SEAD flights may always carry ARM as well, if capable.",
    "result": "4 x {2} [CAP], CAP; 4 x {2} [SEAD], SEAD; 4 x {4} [Deep Strike], Bombing",
    "taskings": {
      "CAP": {
        "pre": {
          "nations": {
            "6": {
              "name": "UK",
              "aircraft": {
                "1-7": {
                  "name": "FGR2",
                  "aircraftId": "UK-PHANTOM-FGR-2-1"
                },
                "8-10": {
                  "name": "Tornado F2A",
                  "aircraftId": "UK-TORNADO-F-2A-1"
                }
              }
            },
            "9": {
              "name": "BE",
              "aircraft": {
                "1-5": {
                  "name": "F-16A(BE)",
                  "aircraftId": "US-F-16A-1"
                },
                "6-10": {
                  "name": "Mirage 5BA",
                  "aircraftId": "BE-MIRAGE-5BA-1"
                }
              }
            },
            "10": {
              "name": "NE/CAN",
              "aircraft": {
                "1-5": {
                  "name": "F-16A(NE)",
                  "aircraftId": "US-F-16A-1"
                },
                "6-10": {
                  "name": "CF-18A",
                  "aircraftId": "CAN-CF-18A-1"
                }
              }
            },
            "1-5": {
              "name": "US",
              "aircraft": {
                "9": {
                  "name": "F-4D",
                  "aircraftId": "US-F-4D-1"
                },
                "10": {
                  "name": "F-16C",
                  "aircraftId": "US-F-16C-1"
                },
                "1-2": {
                  "name": "F-15A",
                  "aircraftId": "US-F-15A-1"
                },
                "3-6": {
                  "name": "F-15C",
                  "aircraftId": "US-F-15C-1"
                },
                "7-8": {
                  "name": "F-4E",
                  "aircraftId": "US-F-4E-1"
                }
              }
            },
            "7-8": {
              "name": "FRG",
              "aircraft": {
                "1-10": {
                  "name": "F-4F",
                  "aircraftId": "FRG-F-4F-1"
                }
              }
            }
          }
        },
        "post": {
          "nations": {
            "7": {
              "name": "UK",
              "aircraft": {
                "1-7": {
                  "name": "FGR2",
                  "aircraftId": "UK-PHANTOM-FGR-2-1"
                },
                "8-10": {
                  "name": "Tornado F2A",
                  "aircraftId": "UK-TORNADO-F-2A-1"
                }
              }
            },
            "10": {
              "name": "NE/CAN",
              "aircraft": {
                "1-5": {
                  "name": "F-16A",
                  "aircraftId": "US-F-16A-1"
                },
                "6-10": {
                  "name": "CF-18A",
                  "aircraftId": "CAN-CF-18A-1"
                }
              }
            },
            "1-6": {
              "name": "US",
              "aircraft": {
                "9": {
                  "name": "F-4D",
                  "aircraftId": "US-F-4D-1"
                },
                "10": {
                  "name": "F-16C",
                  "aircraftId": "US-F-16C-1"
                },
                "1-2": {
                  "name": "F-15A",
                  "aircraftId": "US-F-15A-1"
                },
                "3-6": {
                  "name": "F-15C",
                  "aircraftId": "US-F-15C-1"
                },
                "7-8": {
                  "name": "F-4E",
                  "aircraftId": "US-F-4E-1"
                }
              }
            },
            "8-9": {
              "name": "FRG",
              "aircraft": {
                "1-10": {
                  "name": "F-4F",
                  "aircraftId": "FRG-F-4F-1"
                }
              }
            }
          }
        }
      },
      "SEAD": {
        "pre": {
          "nations": {
            "9": {
              "name": "BE",
              "aircraft": {
                "1-5": {
                  "name": "F-16A",
                  "aircraftId": "US-F-16A-1"
                },
                "6-10": {
                  "name": "Mirage 5BA",
                  "aircraftId": "BE-MIRAGE-5BA-1"
                }
              }
            },
            "10": {
              "name": "NE/CAN",
              "aircraft": {
                "1-5": {
                  "name": "F-16A",
                  "aircraftId": "US-F-16A-1"
                },
                "6-10": {
                  "name": "CF-18A",
                  "aircraftId": "CAN-CF-18A-1"
                }
              }
            },
            "1-4": {
              "name": "US",
              "aircraft": {
                "9": {
                  "name": "F-4G/F-16C",
                  "aircraftId": null
                },
                "10": {
                  "name": "A-7D",
                  "aircraftId": "US-A-7D-1"
                },
                "1-3": {
                  "name": "F-4G",
                  "aircraftId": "US-F-4G-1"
                },
                "4-8": {
                  "name": "F-4G/F-4E",
                  "aircraftId": null
                }
              }
            },
            "5-6": {
              "name": "UK",
              "aircraft": {
                "1-5": {
                  "name": "Torn GR1",
                  "aircraftId": "UK-TORNADO-GR-1-1"
                },
                "6-8": {
                  "name": "Harrier GR3",
                  "aircraftId": "UK-HARRIER-GR-3-1"
                },
                "9-10": {
                  "name": "Jaguar GR1A",
                  "aircraftId": "UK-JAGUAR-GR-1A-1"
                }
              }
            },
            "7-8": {
              "name": "FRG",
              "aircraft": {
                "10": {
                  "name": "F-104G",
                  "aircraftId": "FRG-F-104G-1"
                },
                "1-5": {
                  "name": "Torn IDS",
                  "aircraftId": "FRG-TORNADO-IDS-1"
                },
                "6-9": {
                  "name": "F-4F",
                  "aircraftId": "FRG-F-4F-1"
                }
              }
            }
          }
        },
        "post": {
          "nations": {
            "7": {
              "name": "UK",
              "aircraft": {
                "1-5": {
                  "name": "Torn GR1",
                  "aircraftId": "UK-TORNADO-GR-1-1"
                },
                "6-8": {
                  "name": "Harrier GR3",
                  "aircraftId": "UK-HARRIER-GR-3-1"
                },
                "9-10": {
                  "name": "Jaguar GR1A",
                  "aircraftId": "UK-JAGUAR-GR-1A-1"
                }
              }
            },
            "10": {
              "name": "NE/CAN",
              "aircraft": {
                "1-5": {
                  "name": "F-16A",
                  "aircraftId": "US-F-16A-1"
                },
                "6-10": {
                  "name": "CF-18A",
                  "aircraftId": "CAN-CF-18A-1"
                }
              }
            },
            "1-6": {
              "name": "US",
              "aircraft": {
                "9": {
                  "name": "F-4G/F-16C",
                  "aircraftId": null
                },
                "10": {
                  "name": "A-7D",
                  "aircraftId": "US-A-7D-1"
                },
                "1-3": {
                  "name": "F-4G",
                  "aircraftId": "US-F-4G-1"
                },
                "4-8": {
                  "name": "F-4G/F-4E",
                  "aircraftId": null
                }
              }
            },
            "8-9": {
              "name": "FRG",
              "aircraft": {
                "10": {
                  "name": "F-104G",
                  "aircraftId": "FRG-F-104G-1"
                },
                "1-5": {
                  "name": "Torn IDS",
                  "aircraftId": "FRG-TORNADO-IDS-1"
                },
                "6-9": {
                  "name": "F-4F",
                  "aircraftId": "FRG-F-4F-1"
                },
                "8-9": {
                  "name": "Alpha Jet",
                  "aircraftId": "FRG-ALPHA-JET-A-1"
                }
              }
            }
          }
        }
      },
      "Bombing": {
        "pre": {
          "nations": {
            "9": {
              "name": "BE",
              "aircraft": {
                "1-5": {
                  "name": "F-16A",
                  "aircraftId": "US-F-16A-1"
                },
                "6-10": {
                  "name": "Mirage 5BA",
                  "aircraftId": "BE-MIRAGE-5BA-1"
                }
              }
            },
            "10": {
              "name": "NE/CAN",
              "aircraft": {
                "1-4": {
                  "name": "F-16A",
                  "aircraftId": "US-F-16A-1"
                },
                "5-10": {
                  "name": "CF-18A",
                  "aircraftId": "CAN-CF-18A-1"
                }
              }
            },
            "1-4": {
              "name": "US",
              "aircraft": {
                "3": {
                  "name": "F-16C",
                  "aircraftId": "US-F-16C-1"
                },
                "7": {
                  "name": "A-7D",
                  "aircraftId": "US-A-7D-1"
                },
                "1-2": {
                  "name": "F-16A",
                  "aircraftId": "US-F-16A-1"
                },
                "4-6": {
                  "name": "A-10A",
                  "aircraftId": "US-A-10A-1"
                },
                "8-10": {
                  "name": "F-4\u00b2",
                  "aircraftId": null
                }
              }
            },
            "5-6": {
              "name": "UK",
              "aircraft": {
                "10": {
                  "name": "Jaguar GR1A",
                  "aircraftId": "UK-JAGUAR-GR-1A-1"
                },
                "1-5": {
                  "name": "Torn GR1",
                  "aircraftId": "UK-TORNADO-GR-1-1"
                },
                "6-9": {
                  "name": "Harrier GR3",
                  "aircraftId": "UK-HARRIER-GR-3-1"
                }
              }
            },
            "7-8": {
              "name": "FRG",
              "aircraft": {
                "10": {
                  "name": "F-104G",
                  "aircraftId": "FRG-F-104G-1"
                },
                "1-4": {
                  "name": "Torn IDS",
                  "aircraftId": "FRG-TORNADO-IDS-1"
                },
                "5-7": {
                  "name": "F-4F",
                  "aircraftId": "FRG-F-4F-1"
                },
                "8-9": {
                  "name": "Alpha Jet",
                  "aircraftId": "FRG-ALPHA-JET-A-1"
                }
              }
            }
          }
        },
        "post": {
          "nations": {
            "7": {
              "name": "UK",
              "aircraft": {
                "10": {
                  "name": "Jaguar GR1A",
                  "aircraftId": "UK-JAGUAR-GR-1A-1"
                },
                "1-5": {
                  "name": "Torn GR1",
                  "aircraftId": "UK-TORNADO-GR-1-1"
                },
                "6-9": {
                  "name": "Harrier GR3",
                  "aircraftId": "UK-HARRIER-GR-3-1"
                }
              }
            },
            "10": {
              "name": "NE/CAN",
              "aircraft": {
                "1-4": {
                  "name": "F-16A",
                  "aircraftId": "US-F-16A-1"
                },
                "5-10": {
                  "name": "CF-18A",
                  "aircraftId": "CAN-CF-18A-1"
                }
              }
            },
            "1-6": {
              "name": "US",
              "aircraft": {
                "3": {
                  "name": "F-16C",
                  "aircraftId": "US-F-16C-1"
                },
                "7": {
                  "name": "A-7D",
                  "aircraftId": "US-A-7D-1"
                },
                "1-2": {
                  "name": "F-16A",
                  "aircraftId": "US-F-16A-1"
                },
                "4-6": {
                  "name": "A-10A",
                  "aircraftId": "US-A-10A-1"
                },
                "8-10": {
                  "name": "F-4\u00b2",
                  "aircraftId": null
                }
              }
            },
            "8-9": {
              "name": "FRG",
              "aircraft": {
                "10": {
                  "name": "F-104G",
                  "aircraftId": "FRG-F-104G-1"
                },
                "1-4": {
                  "name": "Torn IDS",
                  "aircraftId": "FRG-TORNADO-IDS-1"
                },
                "5-7": {
                  "name": "F-4F",
                  "aircraftId": "FRG-F-4F-1"
                },
                "8-9": {
                  "name": "Alpha Jet",
                  "aircraftId": "FRG-ALPHA-JET-A-1"
                }
              }
            }
          }
        }
      }
    }
  },
  "D": {
    "name": "NATO Table D - Deep Strike Raid",
    "faction": "NATO",
    "hasTasking": true,
    "hasDate": false,
    "description": "NATO Deep Strike Raid - Package of flights for deep behind WP lines",
    "ordnanceNote": "All SEAD or Bombing flights may carry any air-to-ground ordnance allowed for that aircraft type. Recon flights may only carry air-to-air missiles and guns, if capable. No other ordnance allowed.",
    "result": "2 x {1} [Escort Jamming]; 4 x {2} [CAP]; 4 x {2} [SEAD]; 4 x {4} [Bombing]; 2 x {2} [Recon]",
    "taskings": {
      "Escort Jamming": {
        "flightSize": 1,
        "flightCount": 2,
        "description": "Escort Jamming",
        "nations": {
          "1-10": {
            "name": "US",
            "aircraft": {
              "1-10": {
                "name": "EF-111A",
                "aircraftId": "US-EF-111A-1"
              }
            }
          }
        }
      },
      "CAP": {
        "flightSize": 2,
        "flightCount": 4,
        "description": "Combat Air Patrol",
        "nations": {
          "1-6": {
            "name": "US",
            "aircraft": {
              "1-3": {
                "name": "F-15A",
                "aircraftId": "US-F-15A-1"
              },
              "4-7": {
                "name": "F-15C",
                "aircraftId": "US-F-15C-1"
              },
              "8-10": {
                "name": "F-4E",
                "aircraftId": "US-F-4E-1"
              }
            }
          },
          "7-8": {
            "name": "UK",
            "aircraft": {
              "1-10": {
                "name": "FGR2",
                "aircraftId": "UK-PHANTOM-FGR-2-1"
              }
            }
          },
          "9-10": {
            "name": "CAN",
            "aircraft": {
              "1-10": {
                "name": "CF-18A",
                "aircraftId": "CAN-CF-18A-1"
              }
            }
          }
        }
      },
      "SEAD": {
        "flightSize": 2,
        "flightCount": 4,
        "description": "Suppression of Enemy Air Defenses",
        "nations": {
          "10": {
            "name": "CAN",
            "aircraft": {
              "1-10": {
                "name": "CF-18A",
                "aircraftId": "CAN-CF-18A-1"
              }
            }
          },
          "1-6": {
            "name": "US",
            "aircraft": {
              "10": {
                "name": "F-4G/F-16C",
                "aircraftId": null
              },
              "1-6": {
                "name": "F-4G",
                "aircraftId": "US-F-4G-1"
              },
              "7-9": {
                "name": "F-4G/F-4E",
                "aircraftId": null
              }
            }
          },
          "7-9": {
            "name": "UK",
            "aircraft": {
              "1-8": {
                "name": "Tornado GR1",
                "aircraftId": "UK-TORNADO-GR-1-1"
              },
              "9-10": {
                "name": "Jaguar GR1A",
                "aircraftId": "UK-JAGUAR-GR-1A-1"
              }
            }
          }
        }
      },
      "Bombing": {
        "flightSize": 4,
        "flightCount": 4,
        "description": "Bombing",
        "nations": {
          "1-6": {
            "name": "US",
            "aircraft": {
              "1-5": {
                "name": "F-4E or F-111D/E (player choice)",
                "aircraftId": null
              },
              "6-10": {
                "name": "F-111F",
                "aircraftId": "US-F-111F-1"
              }
            }
          },
          "7-8": {
            "name": "UK",
            "aircraft": {
              "1-10": {
                "name": "Tornado GR1",
                "aircraftId": "UK-TORNADO-GR-1-1"
              }
            }
          },
          "9-10": {
            "name": "FRG",
            "aircraft": {
              "1-10": {
                "name": "Tornado IDS",
                "aircraftId": "FRG-TORNADO-IDS-1"
              }
            }
          }
        }
      },
      "Recon": {
        "flightSize": 2,
        "flightCount": 2,
        "description": "Reconnaissance",
        "nations": {
          "10": {
            "name": "BE",
            "aircraft": {
              "1-10": {
                "name": "Mirage 5BR",
                "aircraftId": "BE-MIRAGE-5BR-1"
              }
            }
          },
          "1-5": {
            "name": "US",
            "aircraft": {
              "1-10": {
                "name": "RF-4C",
                "aircraftId": "US-RF-4C-1"
              }
            }
          },
          "6-7": {
            "name": "UK",
            "aircraft": {
              "1-7": {
                "name": "Jaguar GR1A",
                "aircraftId": "UK-JAGUAR-GR-1A-1"
              },
              "8-10": {
                "name": "Tornado GR1A",
                "aircraftId": "UK-TORNADO-GR-1A-1"
              }
            }
          },
          "8-9": {
            "name": "FRG",
            "aircraft": {
              "1-10": {
                "name": "RF-4E",
                "aircraftId": "FRG-RF-4E-1"
              }
            }
          }
        }
      }
    }
  },
  "E": {
    "name": "NATO Table E - Combat Rescue",
    "faction": "NATO",
    "hasNationality": true,
    "hasDate": false,
    "description": "Rescue missions for downed aircrew",
    "ordnanceNote": "All flights tasked with Rescue Support may carry any ordnance allowed for the specific aircraft type.",
    "result": "Nationality determined rescue package",
    "nationalities": {
      "US": {
        "name": "US Combat Rescue Raid",
        "flights": [
          {
            "type": "Rescue Support",
            "flightSize": 2,
            "flightCount": 2,
            "description": "Rescue Support",
            "aircraft": {
              "1-6": {
                "name": "A-10A",
                "aircraftId": "US-A-10A-1"
              },
              "7-10": {
                "name": "A-7D",
                "aircraftId": "US-A-7D-1"
              }
            }
          },
          {
            "type": "CSAR",
            "flightSize": 1,
            "flightCount": 2,
            "description": "Combat Search and Rescue",
            "aircraft": {
              "1-10": {
                "name": "H-53",
                "aircraftId": "US-H-53-1"
              }
            }
          }
        ]
      },
      "UK": {
        "name": "UK Combat Rescue Raid",
        "flights": [
          {
            "type": "Rescue Support",
            "flightSize": 2,
            "flightCount": 2,
            "description": "Rescue Support",
            "aircraft": {
              "1-8": {
                "name": "Harrier GR3",
                "aircraftId": "UK-HARRIER-GR-3-1"
              },
              "9-10": {
                "name": "Jaguar GR1A",
                "aircraftId": "UK-JAGUAR-GR-1A-1"
              }
            }
          },
          {
            "type": "CSAR",
            "flightSize": 1,
            "flightCount": 2,
            "description": "Combat Search and Rescue",
            "aircraft": {
              "1-10": {
                "name": "Puma",
                "aircraftId": "UK-PUMA-1"
              }
            }
          }
        ]
      },
      "FRG": {
        "name": "FRG Combat Rescue Raid",
        "flights": [
          {
            "type": "Rescue Support",
            "flightSize": 2,
            "flightCount": 2,
            "description": "Rescue Support",
            "aircraft": {
              "1-5": {
                "name": "Alpha Jet",
                "aircraftId": "FRG-ALPHA-JET-A-1"
              },
              "6-10": {
                "name": "F-4F",
                "aircraftId": "FRG-F-4F-1"
              }
            }
          },
          {
            "type": "CSAR",
            "flightSize": 1,
            "flightCount": 2,
            "description": "Combat Search and Rescue",
            "aircraft": {
              "1-10": {
                "name": "CH-53",
                "aircraftId": "FRG-CH-53-1"
              }
            }
          }
        ]
      }
    }
  },
  "F": {
    "name": "NATO Table F - Special Missions",
    "faction": "NATO",
    "hasMissionType": true,
    "hasDate": false,
    "description": "NATO Special Missions - Specialized missions for small numbers of aircraft",
    "result": "Mission type determines result",
    "missionTypes": {
      "Fast FAC": {
        "name": "Fast FAC",
        "flightSize": 2,
        "flightCount": 1,
        "description": "Fast Forward Air Control",
        "ordnanceNote": "Aircraft tasked with Fast FAC may not carry any ordnance. They may carry gun and IRM air-to-air weapons if otherwise allowed.",
        "nations": {
          "10": {
            "name": "BE/NE/CAN",
            "aircraft": {
              "1-4": {
                "name": "Mirage 5BA",
                "aircraftId": "BE-MIRAGE-5BA-1"
              },
              "5-7": {
                "name": "F-16A",
                "aircraftId": "US-F-16A-1"
              },
              "8-10": {
                "name": "CF-18A",
                "aircraftId": "CAN-CF-18A-1"
              }
            }
          },
          "1-5": {
            "name": "US",
            "aircraft": {
              "1-4": {
                "name": "F-4E",
                "aircraftId": "US-F-4E-1"
              },
              "5-10": {
                "name": "A-10A",
                "aircraftId": "US-A-10A-1"
              }
            }
          },
          "6-7": {
            "name": "UK",
            "aircraft": {
              "1-4": {
                "name": "Harrier GR3",
                "aircraftId": "UK-HARRIER-GR-3-1"
              },
              "5-10": {
                "name": "Tornado GR1",
                "aircraftId": "UK-TORNADO-GR-1-1"
              }
            }
          },
          "8-9": {
            "name": "FRG",
            "aircraft": {
              "1-5": {
                "name": "F-4F",
                "aircraftId": "FRG-F-4F-1"
              },
              "6-10": {
                "name": "Alpha Jet",
                "aircraftId": "FRG-ALPHA-JET-A-1"
              }
            }
          }
        }
      },
      "Standoff Jamming": {
        "name": "Standoff Jamming",
        "flightSize": 1,
        "flightCount": 1,
        "description": "Electronic Warfare Jamming",
        "ordnanceNote": "Aircraft tasked with Standoff Jamming may not carry any air-to-ground ordnance.",
        "nations": {
          "1-9": {
            "name": "US",
            "aircraft": {
              "1-3": {
                "name": "EC-130H",
                "aircraftId": "US-EC-130H-1"
              },
              "4-10": {
                "name": "EF-111A",
                "aircraftId": "US-EF-111A-1"
              }
            }
          }
        }
      },
      "Tactical Recon": {
        "name": "Tactical Recon",
        "flightSize": 2,
        "flightCount": 1,
        "description": "Tactical Reconnaissance",
        "ordnanceNote": "Recon flights may only carry air-to-air missiles and guns, if capable. No other ordnance allowed.",
        "nations": {
          "1-6": {
            "name": "US",
            "aircraft": {
              "1-5": {
                "name": "RF-4C",
                "aircraftId": "US-RF-4C-1"
              },
              "6-10": {
                "name": "F-16C(R)",
                "aircraftId": "US-F-16C-1"
              }
            }
          },
          "7-8": {
            "name": "UK",
            "aircraft": {
              "1-7": {
                "name": "Jaguar GR1A",
                "aircraftId": "UK-JAGUAR-GR-1A-1"
              },
              "8-10": {
                "name": "Torn GR1A",
                "aircraftId": "UK-TORNADO-GR-1A-1"
              }
            }
          },
          "9-10": {
            "name": "FRG",
            "aircraft": {
              "1-10": {
                "name": "RF-4E",
                "aircraftId": "FRG-RF-4E-1"
              }
            }
          }
        }
      }
    }
  }
}
