{
  "_Comment": "Baltic Approaches Warsaw Pact naval unit data",
  "_version": "1.0.0",
  "_created": "2026-01-24",
  "_description": "Naval unit specifications for Baltic Approaches Warsaw Pact forces.",
  "Kynda (CG)": {
    "Nation": "USSR",
    "Dmg": 17,
    "Size": "L",
    "Tgt": "A",
    "EW": "A",
    "EWR": "Head Net [15/8/8]",
    "SAM": "SA-N-1b",
    "Shots": 8,
    "LOAL": "L",
    "Acq": 10,
    "Atk": 6,
    "Min": 1,
    "Long": "5-6",
    "D": "0",
    "L": "+1",
    "M": "0",
    "H": "-1",
    "V": "NA",
    "AAA": {
      "AAA1": "Radar AAA (M)",
      "AAA2": "Close Defense (2)"
    },
    "capabilities": {
      "SSM": "3M44",
      "Ammo": 8,
      "Helo": "Helo"
    },
    "Notes": "A"
  },
  "Sverdlov (CL)": {
    "Nation": "USSR",
    "Dmg": 50,
    "Size": "L",
    "Tgt": "D",
    "EW": "A",
    "EWR": "Top Trough [9/5/5]",
    "SAM": null,
    "Shots": null,
    "LOAL": null,
    "Acq": null,
    "Atk": null,
    "Min": null,
    "Long": null,
    "D": null,
    "L": null,
    "M": null,
    "H": null,
    "V": null,
    "AAA": {
      "AAA1": "Radar AAA (H)",
      "AAA2": "Med AAA"
    },
    "capabilities": {
      "SSM": null,
      "Ammo": null,
      "Helo": null
    },
    "Notes": null
  },
  "Sovremenny (DDG)": {
    "Nation": "USSR",
    "Dmg": 22,
    "Size": "L",
    "Tgt": "A",
    "EW": "B",
    "EWR": "Top Steer [20/10/8]",
    "SAM": "SA-N-7a",
    "Shots": 24,
    "LOAL": "L",
    "Acq": 12,
    "Atk": 8,
    "Min": 1,
    "Long": "7-8",
    "D": "0",
    "L": "+1",
    "M": "+1",
    "H": "-1",
    "V": "NA",
    "AAA": {
      "AAA1": "Radar AAA (H)",
      "AAA2": "Close Defense {2}"
    },
    "capabilities": {
      "SSM": "3M80",
      "Ammo": 8,
      "Helo": "Helo"
    },
    "Notes": "A, C"
  },
  "Kashin Mod (DDG)": {
    "Nation": "USSR",
    "Dmg": 16,
    "Size": "M",
    "Tgt": "A",
    "EW": "B",
    "EWR": "Head Net [15/8/8]",
    "SAM": "SA-N-1b",
    "Shots": 16,
    "LOAL": "L",
    "Acq": 10,
    "Atk": 6,
    "Min": 1,
    "Long": "5-6",
    "D": "0",
    "L": "+1",
    "M": "0",
    "H": "-1",
    "V": "NA",
    "AAA": {
      "AAA1": "Radar AAA (M)",
      "AAA2": "Close Defense {2}"
    },
    "capabilities": {
      "SSM": "P-15M",
      "Ammo": 4,
      "Helo": "Helo"
    },
    "Notes": "A"
  },
  "Kashin (DDG)": {
    "Nation": "USSR",
    "Dmg": 14,
    "Size": "M",
    "Tgt": "B",
    "EW": "A",
    "EWR": "Head Net [15/8/8]",
    "SAM": "SA-N-1b",
    "Shots": 16,
    "LOAL": "L",
    "Acq": 10,
    "Atk": 6,
    "Min": 1,
    "Long": "5-6",
    "D": "0",
    "L": "+1",
    "M": "0",
    "H": "-1",
    "V": "NA",
    "AAA": {
      "AAA1": "Radar AAA (M)",
      "AAA2": null
    },
    "capabilities": {
      "SSM": null,
      "Ammo": null,
      "Helo": "Helo"
    },
    "Notes": "A"
  },
  "Kanin (DDG)": {
    "Nation": "USSR",
    "Dmg": 15,
    "Size": "M",
    "Tgt": "B",
    "EW": "A",
    "EWR": "Head Net [15/8/8]",
    "SAM": "SA-N-1b",
    "Shots": 16,
    "LOAL": "L",
    "Acq": 10,
    "Atk": 6,
    "Min": 1,
    "Long": "5-6",
    "D": "0",
    "L": "+1",
    "M": "0",
    "H": "-1",
    "V": "NA",
    "AAA": {
      "AAA1": "Radar AAA (M)",
      "AAA2": "Light AAA"
    },
    "capabilities": {
      "SSM": null,
      "Ammo": null,
      "Helo": "Helo"
    },
    "Notes": "A"
  },
  "Kildin Mod (DD)": {
    "Nation": "USSR",
    "Dmg": 13,
    "Size": "M",
    "Tgt": "C",
    "EW": "B",
    "EWR": "Head Net [15/8/8]",
    "SAM": null,
    "Shots": null,
    "LOAL": null,
    "Acq": null,
    "Atk": null,
    "Min": null,
    "Long": null,
    "D": null,
    "L": null,
    "M": null,
    "H": null,
    "V": null,
    "AAA": {
      "AAA1": "Radar AAA (M)",
      "AAA2": "Med AAA"
    },
    "capabilities": {
      "SSM": "P-15M",
      "Ammo": 4,
      "Helo": null
    },
    "Notes": null
  },
  "Kotlin (DD)": {
    "Nation": "USSR",
    "Dmg": 13,
    "Size": "M",
    "Tgt": "D",
    "EW": "A",
    "EWR": "Head Net [15/8/8]",
    "SAM": null,
    "Shots": null,
    "LOAL": null,
    "Acq": null,
    "Atk": null,
    "Min": null,
    "Long": null,
    "D": null,
    "L": null,
    "M": null,
    "H": null,
    "V": null,
    "AAA": {
      "AAA1": "Radar AAA (H)",
      "AAA2": "Med AAA"
    },
    "capabilities": {
      "SSM": null,
      "Ammo": null,
      "Helo": null
    },
    "Notes": null
  },
  "Krivak I/II (FFG)": {
    "Nation": "USSR",
    "Dmg": 12,
    "Size": "M",
    "Tgt": "B",
    "EW": "B",
    "EWR": "Head Net [15/8/8]",
    "SAM": "SA-N-4b",
    "Shots": 20,
    "LOAL": "L",
    "Acq": 7,
    "Atk": 3,
    "Min": 0,
    "Long": "3",
    "D": "+1",
    "L": "0",
    "M": "0",
    "H": "NA",
    "V": "NA",
    "AAA": {
      "AAA1": "Radar AAA (M)",
      "AAA2": null
    },
    "capabilities": {
      "SSM": null,
      "Ammo": null,
      "Helo": null
    },
    "Notes": "A, B"
  },
  "Grisha III (FFL)": {
    "Nation": "USSR",
    "Dmg": 6,
    "Size": "S",
    "Tgt": "B",
    "EW": "B",
    "EWR": "Strut Curve [12/6/6]",
    "SAM": "SA-N-4b",
    "Shots": 10,
    "LOAL": "L",
    "Acq": 7,
    "Atk": 3,
    "Min": 0,
    "Long": "3",
    "D": "+1",
    "L": "0",
    "M": "0",
    "H": "NA",
    "V": "NA",
    "AAA": {
      "AAA1": "Radar AAA (M)",
      "AAA2": "Close Defense {6}"
    },
    "capabilities": {
      "SSM": null,
      "Ammo": null,
      "Helo": null
    },
    "Notes": "A, B"
  },
  "Koni I (FFL)": {
    "Nation": "GDR",
    "Dmg": 9,
    "Size": "S",
    "Tgt": "B",
    "EW": "B",
    "EWR": "Pop Group [8/4/4]",
    "SAM": "SA-N-4b",
    "Shots": 10,
    "LOAL": "L",
    "Acq": 7,
    "Atk": 3,
    "Min": 0,
    "Long": "3",
    "D": "+1",
    "L": "0",
    "M": "0",
    "H": "NA",
    "V": "NA",
    "AAA": {
      "AAA1": "Radar AAA (M)",
      "AAA2": "Light AAA"
    },
    "capabilities": {
      "SSM": null,
      "Ammo": null,
      "Helo": null
    },
    "Notes": "A, B"
  },
  "Nanuchka I (FFL)": {
    "Nation": "USSR",
    "Dmg": 4,
    "Size": "S",
    "Tgt": "A",
    "EW": "B",
    "EWR": "Pop Group [8/4/4]",
    "SAM": "SA-N-4b",
    "Shots": 10,
    "LOAL": "L",
    "Acq": 7,
    "Atk": 3,
    "Min": 0,
    "Long": "3",
    "D": "+1",
    "L": "0",
    "M": "0",
    "H": "NA",
    "V": "NA",
    "AAA": {
      "AAA1": "Radar AAA (M)",
      "AAA2": null
    },
    "capabilities": {
      "SSM": "P-120",
      "Ammo": 6,
      "Helo": null
    },
    "Notes": "A, B"
  },
  "Nanuchka II (FFL)": {
    "Nation": "USSR",
    "Dmg": 4,
    "Size": "S",
    "Tgt": "A",
    "EW": "C",
    "EWR": "Pop Group [8/4/4]",
    "SAM": "SA-N-4b",
    "Shots": 10,
    "LOAL": "L",
    "Acq": 7,
    "Atk": 3,
    "Min": 0,
    "Long": "3",
    "D": "+1",
    "L": "0",
    "M": "0",
    "H": "NA",
    "V": "NA",
    "AAA": {
      "AAA1": "Radar AAA (M)",
      "AAA2": "Close Defense {6}"
    },
    "capabilities": {
      "SSM": "P-120",
      "Ammo": 6,
      "Helo": null
    },
    "Notes": "A, B"
  },
  "Parchim I (FFL)": {
    "Nation": "GDR",
    "Dmg": 6,
    "Size": "S",
    "Tgt": "D",
    "EW": "A",
    "EWR": "Strut Curve [12/6/6]",
    "SAM": null,
    "Shots": null,
    "LOAL": null,
    "Acq": null,
    "Atk": null,
    "Min": null,
    "Long": null,
    "D": null,
    "L": null,
    "M": null,
    "H": null,
    "V": null,
    "AAA": {
      "AAA1": "Radar AAA (M)",
      "AAA2": null
    },
    "capabilities": {
      "SSM": null,
      "Ammo": null,
      "Helo": null
    },
    "Notes": null
  },
  "Parchim II (FFL)": {
    "Nation": "USSR",
    "Dmg": 6,
    "Size": "S",
    "Tgt": "D",
    "EW": "C",
    "EWR": "Strut Curve [12/6/6]",
    "SAM": null,
    "Shots": null,
    "LOAL": null,
    "Acq": null,
    "Atk": null,
    "Min": null,
    "Long": null,
    "D": null,
    "L": null,
    "M": null,
    "H": null,
    "V": null,
    "AAA": {
      "AAA1": "Radar AAA (M)",
      "AAA2": "Close Defense {6}"
    },
    "capabilities": {
      "SSM": null,
      "Ammo": null,
      "Helo": null
    },
    "Notes": null
  },
  "Pauk I (FFL)": {
    "Nation": "USSR",
    "Dmg": 4,
    "Size": "S",
    "Tgt": "F",
    "EW": "C",
    "EWR": null,
    "SAM": null,
    "Shots": null,
    "LOAL": null,
    "Acq": null,
    "Atk": null,
    "Min": null,
    "Long": null,
    "D": null,
    "L": null,
    "M": null,
    "H": null,
    "V": null,
    "AAA": {
      "AAA1": "Radar AAA (M)",
      "AAA2": "Close Defense {6}"
    },
    "capabilities": {
      "SSM": null,
      "Ammo": null,
      "Helo": null
    },
    "Notes": null
  },
  "Riga (FFL)": {
    "Nation": "USSR",
    "Dmg": 7,
    "Size": "S",
    "Tgt": "D",
    "EW": "A",
    "EWR": "Cross Bird [6/3/3]",
    "SAM": null,
    "Shots": null,
    "LOAL": null,
    "Acq": null,
    "Atk": null,
    "Min": null,
    "Long": null,
    "D": null,
    "L": null,
    "M": null,
    "H": null,
    "V": null,
    "AAA": {
      "AAA1": "Radar AAA (H)",
      "AAA2": "Light AAA"
    },
    "capabilities": {
      "SSM": null,
      "Ammo": null,
      "Helo": null
    },
    "Notes": null
  },
  "Tarantul I (FFL)": {
    "Nation": "POL, GDR",
    "Dmg": 4,
    "Size": "S",
    "Tgt": "E",
    "EW": "A",
    "EWR": null,
    "SAM": null,
    "Shots": null,
    "LOAL": null,
    "Acq": null,
    "Atk": null,
    "Min": null,
    "Long": null,
    "D": null,
    "L": null,
    "M": null,
    "H": null,
    "V": null,
    "AAA": {
      "AAA1": "Radar AAA (M)",
      "AAA2": "Close Defense {6}"
    },
    "capabilities": {
      "SSM": "P-15M",
      "Ammo": 4,
      "Helo": null
    },
    "Notes": null
  },
  "Tarantul II (FFL)": {
    "Nation": "USSR",
    "Dmg": 4,
    "Size": "S",
    "Tgt": "E",
    "EW": "C",
    "EWR": null,
    "SAM": null,
    "Shots": null,
    "LOAL": null,
    "Acq": null,
    "Atk": null,
    "Min": null,
    "Long": null,
    "D": null,
    "L": null,
    "M": null,
    "H": null,
    "V": null,
    "AAA": {
      "AAA1": "Radar AAA (M)",
      "AAA2": "Close Defense {6}"
    },
    "capabilities": {
      "SSM": "P-15M",
      "Ammo": 4,
      "Helo": null
    },
    "Notes": null
  },
  "Tarantul III (FFL)": {
    "Nation": "USSR",
    "Dmg": 4,
    "Size": "S",
    "Tgt": "E",
    "EW": "C",
    "EWR": null,
    "SAM": null,
    "Shots": null,
    "LOAL": null,
    "Acq": null,
    "Atk": null,
    "Min": null,
    "Long": null,
    "D": null,
    "L": null,
    "M": null,
    "H": null,
    "V": null,
    "AAA": {
      "AAA1": "Radar AAA (M)",
      "AAA2": "Close Defense {6}"
    },
    "capabilities": {
      "SSM": "3M80",
      "Ammo": 4,
      "Helo": null
    },
    "Notes": null
  },
  "Osa I (PCM)": {
    "Nation": "USSR, POL, GDR",
    "Dmg": 2,
    "Size": "S",
    "Tgt": "E",
    "EW": null,
    "EWR": null,
    "SAM": null,
    "Shots": null,
    "LOAL": null,
    "Acq": null,
    "Atk": null,
    "Min": null,
    "Long": null,
    "D": null,
    "L": null,
    "M": null,
    "H": null,
    "V": null,
    "AAA": {
      "AAA1": "Light AAA",
      "AAA2": null
    },
    "capabilities": {
      "SSM": "P-15U",
      "Ammo": 4,
      "Helo": null
    },
    "Notes": null
  },
  "Osa II (PCM)": {
    "Nation": "USSR",
    "Dmg": 2,
    "Size": "S",
    "Tgt": "E",
    "EW": null,
    "EWR": null,
    "SAM": null,
    "Shots": null,
    "LOAL": null,
    "Acq": null,
    "Atk": null,
    "Min": null,
    "Long": null,
    "D": null,
    "L": null,
    "M": null,
    "H": null,
    "V": null,
    "AAA": {
      "AAA1": "Light AAA",
      "AAA2": null
    },
    "capabilities": {
      "SSM": "P-15M",
      "Ammo": 4,
      "Helo": null
    },
    "Notes": null
  },
  "Alligator (LST)": {
    "Nation": "USSR",
    "Dmg": 11,
    "Size": "M",
    "Tgt": "F",
    "EW": null,
    "EWR": null,
    "SAM": null,
    "Shots": null,
    "LOAL": null,
    "Acq": null,
    "Atk": null,
    "Min": null,
    "Long": null,
    "D": null,
    "L": null,
    "M": null,
    "H": null,
    "V": null,
    "AAA": {
      "AAA1": "Radar AAA (M)",
      "AAA2": "Light AAA"
    },
    "capabilities": {
      "SSM": null,
      "Ammo": null,
      "Helo": null
    },
    "Notes": null
  },
  "Frosch I (LST)": {
    "Nation": "GDR",
    "Dmg": 5,
    "Size": "S",
    "Tgt": "F",
    "EW": null,
    "EWR": null,
    "SAM": null,
    "Shots": null,
    "LOAL": null,
    "Acq": null,
    "Atk": null,
    "Min": null,
    "Long": null,
    "D": null,
    "L": null,
    "M": null,
    "H": null,
    "V": null,
    "AAA": {
      "AAA1": "Med AAA",
      "AAA2": null
    },
    "capabilities": {
      "SSM": null,
      "Ammo": null,
      "Helo": null
    },
    "Notes": null
  },
  "Polnocny B (LST)": {
    "Nation": "USSR, POL",
    "Dmg": 5,
    "Size": "S",
    "Tgt": "F",
    "EW": "B",
    "EWR": null,
    "SAM": null,
    "Shots": null,
    "LOAL": null,
    "Acq": null,
    "Atk": null,
    "Min": null,
    "Long": null,
    "D": null,
    "L": null,
    "M": null,
    "H": null,
    "V": null,
    "AAA": {
      "AAA1": "Radar AAA (M)",
      "AAA2": null
    },
    "capabilities": {
      "SSM": null,
      "Ammo": null,
      "Helo": null
    },
    "Notes": null
  },
  "Ropucha I (LST)": {
    "Nation": "USSR",
    "Dmg": 12,
    "Size": "M",
    "Tgt": "D",
    "EW": "B",
    "EWR": "Strut Curve [12/6/6]",
    "SAM": null,
    "Shots": null,
    "LOAL": null,
    "Acq": null,
    "Atk": null,
    "Min": null,
    "Long": null,
    "D": null,
    "L": null,
    "M": null,
    "H": null,
    "V": null,
    "AAA": {
      "AAA1": "Radar AAA (M)",
      "AAA2": null
    },
    "capabilities": {
      "SSM": null,
      "Ammo": null,
      "Helo": null
    },
    "Notes": null
  },
  "Minesweepers (MS)": {
    "Nation": "USSR, POL, GDR",
    "Dmg": 4,
    "Size": "S",
    "Tgt": "F",
    "EW": null,
    "EWR": null,
    "SAM": null,
    "Shots": null,
    "LOAL": null,
    "Acq": null,
    "Atk": null,
    "Min": null,
    "Long": null,
    "D": null,
    "L": null,
    "M": null,
    "H": null,
    "V": null,
    "AAA": {
      "AAA1": "Light AAA",
      "AAA2": null
    },
    "capabilities": {
      "SSM": null,
      "Ammo": null,
      "Helo": null
    },
    "Notes": "D"
  },
  "Cargo (MV)": {
    "Nation": "USSR, POL, GDR",
    "Dmg": 24,
    "Size": "L",
    "Tgt": "G",
    "EW": null,
    "EWR": null,
    "SAM": null,
    "Shots": null,
    "LOAL": null,
    "Acq": null,
    "Atk": null,
    "Min": null,
    "Long": null,
    "D": null,
    "L": null,
    "M": null,
    "H": null,
    "V": null,
    "AAA": {
      "AAA1": null,
      "AAA2": null
    },
    "capabilities": {
      "SSM": null,
      "Ammo": null,
      "Helo": null
    },
    "Notes": null
  }
}