{
  "_comment": "Merged Aircraft Name Mapping - Red Storm + Baltic Approaches",
  "_version": "1.0.0",
  "_created": "2025-11-21",
  "_modules": [
    "RS",
    "BA"
  ],
  "NATO": {
    "_comment": "NATO aircraft name mappings from both modules",
    "A-10A": {
      "name": "A-10A",
      "aircraftId": "US-A-10A-1"
    },
    "A-7D": {
      "name": "A-7D",
      "aircraftId": "US-A-7D-1"
    },
    "Alpha Jet": {
      "name": "Alpha Jet A",
      "aircraftId": "FRG-ALPHA-JET-A-1"
    },
    "CF-18A": {
      "name": "CF-18A",
      "aircraftId": "CAN-CF-18A-1"
    },
    "CF-5A": {
      "name": "CF-5A",
      "aircraftId": "CAN-CF-5A-1"
    },
    "CH-53": {
      "name": "CH-53",
      "aircraftId": "FRG-CH-53-1"
    },
    "EC-130H": {
      "name": "EC-130H",
      "aircraftId": "US-EC-130H-1"
    },
    "EF-111A": {
      "name": "EF-111A",
      "aircraftId": "US-EF-111A-1"
    },
    "F-104G": {
      "name": "F-104G",
      "aircraftId": "FRG-F-104G-1"
    },
    "F-111F": {
      "name": "F-111F",
      "aircraftId": "US-F-111F-1"
    },
    "F-15A": {
      "name": "F-15A",
      "aircraftId": "US-F-15A-1"
    },
    "F-15C": {
      "name": "F-15C",
      "aircraftId": "US-F-15C-1"
    },
    "F-16A": {
      "name": "F-16A BE/CA/NE",
      "aircraftId": "BE-F-16A-BE-CA-NE-1"
    },
    "F-16A(BE)": {
      "name": "F-16A BE/CA/NE",
      "aircraftId": "BE-F-16A-BE-CA-NE-1"
    },
    "F-16A(NE)": {
      "name": "F-16A BE/CA/NE",
      "aircraftId": "BE-F-16A-BE-CA-NE-1"
    },
    "F-16C": {
      "name": "F-16C",
      "aircraftId": "US-F-16C-1"
    },
    "F-16C(R)": {
      "name": "F-16C",
      "aircraftId": "US-F-16C-1"
    },
    "F-4D": {
      "name": "F-4D",
      "aircraftId": "US-F-4D-1"
    },
    "F-4E": {
      "name": "F-4E",
      "aircraftId": "US-F-4E-1"
    },
    "F-4F": {
      "name": "F-4F",
      "aircraftId": "FRG-F-4F-1"
    },
    "F-5A": {
      "name": "F-5A Freedom Fighter",
      "aircraftId": null
    },
    "GR1": {
      "name": "Tornado GR1",
      "aircraftId": null
    },
    "Harrier GR.3": {
      "name": "Harrier GR.3",
      "aircraftId": "UK-HARRIER-GR-3-1"
    },
    "Jaguar GR.1": {
      "name": "Jaguar GR.1",
      "aircraftId": null
    },
    "OV-10A": {
      "name": "OV-10A",
      "aircraftId": null
    },
    "RF-4C": {
      "name": "RF-4C",
      "aircraftId": "US-RF-4C-1"
    },
    "RF-4E": {
      "name": "RF-4E",
      "aircraftId": "FRG-RF-4E-1"
    },
    "Tornado GR1": {
      "name": "Tornado GR1",
      "aircraftId": null
    },
    "Tornado IDS": {
      "name": "Tornado IDS",
      "aircraftId": "FRG-TORNADO-IDS-1"
    },
    "UH-1N": {
      "name": "UH-1N",
      "aircraftId": null
    },
    "A-6E": {
      "name": "A-6E",
      "aircraftId": "US-A-6E-1"
    },
    "EA-6B": {
      "name": "EA-6B",
      "aircraftId": "US-EA-6B-1"
    },
    "A-7E": {
      "name": "A-7E",
      "aircraftId": "US-A-7E-1"
    },
    "AV-8B": {
      "name": "AV-8B",
      "aircraftId": "US-AV-8B-1"
    },
    "RF-4B": {
      "name": "RF-4B",
      "aircraftId": "US-RF-4B-1"
    },
    "F-14A": {
      "name": "F-14A",
      "aircraftId": "US-F-14A-1"
    },
    "F/A-18A": {
      "name": "F/A-18A",
      "aircraftId": "US-F-A-18A-1"
    },
    "S-3A": {
      "name": "S-3A",
      "aircraftId": "US-S-3A-1"
    },
    "P-3C": {
      "name": "P-3C",
      "aircraftId": "US-P-3C-1"
    },
    "P-3C Orion": {
      "name": "P-3C",
      "aircraftId": "US-P-3C-1"
    },
    "Buccaneer S.2B": {
      "name": "Buccaneer S.2B",
      "aircraftId": "UK-BUCCANEER-S-2B-1"
    },
    "Sea Harrier FRS.1": {
      "name": "Sea Harrier FRS.1",
      "aircraftId": "UK-SEA-HARRIER-FRS-1-1"
    },
    "Nimrod MR.2": {
      "name": "Nimrod MR.2",
      "aircraftId": "UK-NIMROD-MR-2-1"
    },
    "Lynx HAS.3": {
      "name": "Lynx HAS.3",
      "aircraftId": "UK-LYNX-HAS-3-1"
    },
    "Tornado IDS (Navy)": {
      "name": "Tornado IDS",
      "aircraftId": "FRG-TORNADO-IDS-1"
    },
    "Torn IDS (Navy)": {
      "name": "Tornado IDS",
      "aircraftId": "FRG-TORNADO-IDS-1"
    },
    "BR-150 Atlantic 2": {
      "name": "BR.1150 Atlantic 2",
      "aircraftId": "FRG-BR-1150-ATLANTIC-2-1"
    },
    "Atlantic 2": {
      "name": "BR.1150 Atlantic 2",
      "aircraftId": "FRG-BR-1150-ATLANTIC-2-1"
    },
    "MK-41 Sea King": {
      "name": "MK-41 Sea King",
      "aircraftId": "FRG-MK-41-SEA-KING-1"
    },
    "Sea King": {
      "name": "MK-41 Sea King",
      "aircraftId": "FRG-MK-41-SEA-KING-1"
    },
    "F-16A (DK)": {
      "name": "F-16A (DK)",
      "aircraftId": "DK-F-16A-DK-1"
    },
    "F-16A (NE)": {
      "name": "F-16A (DK)",
      "aircraftId": "DK-F-16A-DK-1"
    },
    "F-16A Fighting Falcon": {
      "name": "F-16A (DK)",
      "aircraftId": "DK-F-16A-DK-1"
    },
    "F-35XD Draken": {
      "name": "F-35XD Draken",
      "aircraftId": "DK-F-35XD-DRAKEN-1"
    },
    "F-35XD": {
      "name": "F-35XD Draken",
      "aircraftId": "DK-F-35XD-DRAKEN-1"
    },
    "RF-35XD Draken": {
      "name": "RF-35XD Draken",
      "aircraftId": "DK-RF-35XD-DRAKEN-1"
    },
    "RF-35XD": {
      "name": "RF-35XD Draken",
      "aircraftId": "DK-RF-35XD-DRAKEN-1"
    },
    "JA-37 Viggen": {
      "name": "JA-37 Viggen",
      "aircraftId": "SE-JA-37-VIGGEN-1"
    },
    "JA-37": {
      "name": "JA-37 Viggen",
      "aircraftId": "SE-JA-37-VIGGEN-1"
    },
    "AJ-37 Viggen": {
      "name": "AJ-37 Viggen",
      "aircraftId": "SE-AJ-37-VIGGEN-1"
    },
    "AJ-37": {
      "name": "AJ-37 Viggen",
      "aircraftId": "SE-AJ-37-VIGGEN-1"
    },
    "SH-37 Viggen": {
      "name": "SH-37 Viggen",
      "aircraftId": "SE-SH-37-VIGGEN-1"
    },
    "SH-37": {
      "name": "SH-37 Viggen",
      "aircraftId": "SE-SH-37-VIGGEN-1"
    },
    "J-35F2 Draken": {
      "name": "J-35F2 Draken",
      "aircraftId": "SE-J-35F2-DRAKEN-1"
    },
    "J-35F2": {
      "name": "J-35F2 Draken",
      "aircraftId": "SE-J-35F2-DRAKEN-1"
    },
    "J-32E Lansen": {
      "name": "J-32E Lansen",
      "aircraftId": "SE-J-32E-LANSEN-1"
    },
    "J-32E": {
      "name": "J-32E Lansen",
      "aircraftId": "SE-J-32E-LANSEN-1"
    },
    "F-111E": {
      "name": "F-111D/E",
      "aircraftId": "US-F-111D-E-1"
    },
    "FGR2": {
      "name": "Phantom FGR.2",
      "aircraftId": "UK-PHANTOM-FGR-2-1"
    },
    "Jaguar GR1A": {
      "name": "Jaguar GR.1A",
      "aircraftId": "UK-JAGUAR-GR-1A-1"
    },
    "AV-8B (USMC)": {
      "name": "AV-8B",
      "aircraftId": "US-AV-8B-1"
    },
    "F/A-18A (USMC)": {
      "name": "F/A-18A",
      "aircraftId": "US-F-A-18A-1"
    },
    "Jaguar GR1A (UK)": {
      "name": "Jaguar GR.1A",
      "aircraftId": "UK-JAGUAR-GR-1A-1"
    },
    "Alpha": {
      "name": "Alpha Jet A",
      "aircraftId": "FRG-ALPHA-JET-A-1"
    },
    "F-15C Eagle": {
      "name": "F-15C",
      "aircraftId": "US-F-15C-1"
    },
    "F-4G": {
      "name": "F-4G",
      "aircraftId": "US-F-4G-1"
    },
    "H-53": {
      "name": "H-53",
      "aircraftId": "US-H-53-1"
    },
    "Harrier GR3": {
      "name": "Harrier GR.3",
      "aircraftId": "UK-HARRIER-GR-3-1"
    },
    "Mirage 5BA": {
      "name": "Mirage 5BA",
      "aircraftId": "BE-MIRAGE-5BA-1"
    },
    "Mirage 5BR": {
      "name": "Mirage 5BR",
      "aircraftId": "BE-MIRAGE-5BR-1"
    },
    "NF-5A": {
      "name": "NF-5A",
      "aircraftId": "NE-NF-5A-1"
    },
    "Puma": {
      "name": "Puma",
      "aircraftId": "UK-PUMA-1"
    },
    "Torn GR1": {
      "name": "Tornado GR.1",
      "aircraftId": "UK-TORNADO-GR-1-1"
    },
    "Torn GR1A": {
      "name": "Tornado GR.1A",
      "aircraftId": "UK-TORNADO-GR-1A-1"
    },
    "Torn IDS": {
      "name": "Tornado IDS",
      "aircraftId": "FRG-TORNADO-IDS-1"
    },
    "Tornado F2A": {
      "name": "Tornado F.2A",
      "aircraftId": "UK-TORNADO-F-2A-1"
    },
    "Tornado GR1A": {
      "name": "Tornado GR.1A",
      "aircraftId": "UK-TORNADO-GR-1A-1"
    },
    "_comment_variants": "Superscripted aircraft (F-4\u00b2) should be resolved by OOB processor via sub-roll",
    "Phantom FGR.2": {
      "name": "Phantom FGR.2",
      "aircraftId": null
    },
    "Buccaneer S2B": {
      "name": "Buccaneer S.2B",
      "aircraftId": "UK-BUCCANEER-S-2B-1"
    },
    "Buccaneer S2": {
      "name": "Buccaneer S.2B",
      "aircraftId": "UK-BUCCANEER-S-2B-1"
    },
    "Harrier FRS1": {
      "name": "Sea Harrier FRS.1",
      "aircraftId": "UK-SEA-HARRIER-FRS-1-1"
    },
    "Harrier FRS.1": {
      "name": "Sea Harrier FRS.1",
      "aircraftId": "UK-SEA-HARRIER-FRS-1-1"
    },
    "Nimrod MR2": {
      "name": "Nimrod MR.2",
      "aircraftId": "UK-NIMROD-MR-2-1"
    },
    "Mk41 Sea King": {
      "name": "MK-41 Sea King",
      "aircraftId": "FRG-MK-41-SEA-KING-1"
    },
    "S-61": {
      "name": "S-61",
      "aircraftId": null
    },
    "HKP-4D": {
      "name": "HKP-4D",
      "aircraftId": null
    }
  },
  "WP": {
    "_comment": "Warsaw Pact aircraft mappings",
    "USSR": {
      "Backfire B": {
        "name": "Tu-22M Backfire B",
        "aircraftId": null
      },
      "Frogfoot": {
        "name": "Su-25 Frogfoot",
        "aircraftId": null
      },
      "Fitter C": {
        "name": "Su-20 Fitter C",
        "aircraftId": null
      },
      "Fulcrum A": {
        "name": "MiG-29A",
        "aircraftId": "USSR-MIG-29A-1"
      },
      "Foxbat B": {
        "name": "MiG-25RB",
        "aircraftId": "USSR-MIG-25RB-1"
      },
      "Fishbed N": {
        "name": "MiG-21RF Fishbed N",
        "aircraftId": null
      },
      "Fishbed F": {
        "name": "MiG-21PFM",
        "aircraftId": "POL-MIG-21PFM-1"
      },
      "Flogger G": {
        "name": "MiG-23MLD Flogger G",
        "aircraftId": null
      },
      "Flogger A": {
        "name": "MiG-23MS Flogger A",
        "aircraftId": null
      },
      "Flogger H": {
        "name": "MiG-27M Flogger H",
        "aircraftId": null
      },
      "Flanker A": {
        "name": "Su-27 Flanker A",
        "aircraftId": null
      },
      "Fencer D": {
        "name": "Su-24M",
        "aircraftId": "USSR-SU-24M-1"
      },
      "MiG-21bis": {
        "name": "MiG-21bisN",
        "aircraftId": "USSR-MIG-21BISN-1"
      }
    },
    "GDR": {
      "Frogfoot": {
        "name": "Su-25 Frogfoot",
        "aircraftId": null
      },
      "Fitter H": {
        "name": "Su-22M4 Fitter H",
        "aircraftId": null
      },
      "Fishbed J": {
        "name": "MiG-21M",
        "aircraftId": "GDR-MIG-21M-1"
      },
      "Flogger A": {
        "name": "MiG-23MS Flogger A",
        "aircraftId": null
      },
      "MiG-21bis": {
        "name": "MiG-21bisL",
        "aircraftId": "GDR-MIG-21BISL-1"
      }
    },
    "_comment_common": "Common WP aircraft mappings (used if no nation-specific mapping found)",
    "An-12": {
      "name": "An-12",
      "aircraftId": null
    },
    "Mi-24D": {
      "name": "Mi-24D Hind D",
      "aircraftId": null
    },
    "Mi-24V": {
      "name": "Mi-24V Hind E",
      "aircraftId": null
    },
    "Mi-8": {
      "name": "Mi-8 Hip",
      "aircraftId": null
    },
    "MiG-21M": {
      "name": "MiG-21M",
      "aircraftId": "GDR-MIG-21M-1"
    },
    "MiG-21MF": {
      "name": "MiG-21MF",
      "aircraftId": "GDR-MIG-21MF-1"
    },
    "MiG-21SPS Fishbed F": {
      "name": "MiG-21SPS Fishbed F",
      "aircraftId": "GDR-MIG-21SPS-FISHBED-F-1"
    },
    "MiG-23BN": {
      "name": "MiG-23BN",
      "aircraftId": "GDR-MIG-23BN-1"
    },
    "MiG-23M": {
      "name": "MiG-23M",
      "aircraftId": "USSR-MIG-23M-1"
    },
    "MiG-23MF": {
      "name": "MiG-23MF",
      "aircraftId": "GDR-MIG-23MF-1"
    },
    "MiG-23ML": {
      "name": "MiG-23ML",
      "aircraftId": "GDR-MIG-23ML-1"
    },
    "MiG-23MLA": {
      "name": "MiG-23MLA",
      "aircraftId": "USSR-MIG-23MLA-1"
    },
    "MiG-23MLD": {
      "name": "MiG-23MLD",
      "aircraftId": "USSR-MIG-23MLD-1"
    },
    "MiG-25BM": {
      "name": "MiG-25BM Foxbat",
      "aircraftId": null
    },
    "MiG-25PD": {
      "name": "MiG-25PD",
      "aircraftId": "USSR-MIG-25PD-1"
    },
    "MiG-25RB": {
      "name": "MiG-25RB",
      "aircraftId": "USSR-MIG-25RB-1"
    },
    "MiG-27": {
      "name": "MiG-27 Flogger D",
      "aircraftId": null
    },
    "MiG-27D": {
      "name": "MiG-27D Flogger J",
      "aircraftId": null
    },
    "MiG-27K": {
      "name": "MiG-27K",
      "aircraftId": "USSR-MIG-27K-1"
    },
    "MiG-29": {
      "name": "MiG-29",
      "aircraftId": null
    },
    "Su-17M3": {
      "name": "Su-17M3 Fitter H",
      "aircraftId": null
    },
    "Su-17M4": {
      "name": "Su-17M4",
      "aircraftId": "USSR-SU-17M4-1"
    },
    "Su-22": {
      "name": "Su-22 Fitter J",
      "aircraftId": null
    },
    "Su-22M4": {
      "name": "Su-22M4",
      "aircraftId": "GDR-SU-22M4-1"
    },
    "Su-24M": {
      "name": "Su-24M",
      "aircraftId": "USSR-SU-24M-1"
    },
    "Su-24M4": {
      "name": "Su-24M",
      "aircraftId": "USSR-SU-24M-1"
    },
    "Su-24MP": {
      "name": "Su-24MP",
      "aircraftId": "USSR-SU-24MP-1"
    },
    "Su-24MR": {
      "name": "Su-24MR",
      "aircraftId": "USSR-SU-24MR-1"
    },
    "Su-25": {
      "name": "Su-25",
      "aircraftId": "USSR-SU-25-1"
    },
    "Su-27S": {
      "name": "Su-27S",
      "aircraftId": "USSR-SU-27S-1"
    },
    "Tu-16": {
      "name": "Tu-16 Badger",
      "aircraftId": null
    },
    "Tu-22M": {
      "name": "Tu-22M",
      "aircraftId": null
    },
    "Tu-22PD": {
      "name": "Tu-22PD",
      "aircraftId": "USSR-TU-22PD-1"
    },
    "Yak-28PP": {
      "name": "Yak-28PP",
      "aircraftId": "USSR-YAK-28PP-1"
    },
    "_comment_variants": "Superscripted variants (MiG-23\u00b2, MiG-25PD/Su-27S\u00b9) resolved by processor",
    "Su-17M3 Fitter H": {
      "name": "Su-17M3",
      "aircraftId": "USSR-SU-17M3-1"
    },
    "Fitter H": {
      "name": "Su-17M3",
      "aircraftId": "USSR-SU-17M3-1"
    },
    "Tu-22RD": {
      "name": "Tu-22RD",
      "aircraftId": "USSR-TU-22RD-1"
    },
    "Tu-22RD Blinder C": {
      "name": "Tu-22RD",
      "aircraftId": "USSR-TU-22RD-1"
    },
    "Blinder C": {
      "name": "Tu-22RD",
      "aircraftId": "USSR-TU-22RD-1"
    },
    "Tu-22M2": {
      "name": "Tu-22M2",
      "aircraftId": "USSR-TU-22M2-1"
    },
    "Tu-22M2 Backfire B": {
      "name": "Tu-22M2",
      "aircraftId": "USSR-TU-22M2-1"
    },
    "Backfire B": {
      "name": "Tu-22M2",
      "aircraftId": "USSR-TU-22M2-1"
    },
    "Tu-95RT": {
      "name": "Tu-95RT",
      "aircraftId": "USSR-TU-95RT-1"
    },
    "Tu-95RT Bear D": {
      "name": "Tu-95RT",
      "aircraftId": "USSR-TU-95RT-1"
    },
    "Bear D": {
      "name": "Tu-95RT",
      "aircraftId": "USSR-TU-95RT-1"
    },
    "IL-38": {
      "name": "IL-38",
      "aircraftId": "USSR-IL-38-1"
    },
    "IL-38 May": {
      "name": "IL-38",
      "aircraftId": "USSR-IL-38-1"
    },
    "May": {
      "name": "IL-38",
      "aircraftId": "USSR-IL-38-1"
    },
    "Ka-25T": {
      "name": "Ka-25T",
      "aircraftId": "USSR-KA-25T-1"
    },
    "Ka-25T Hormone B": {
      "name": "Ka-25T",
      "aircraftId": "USSR-KA-25T-1"
    },
    "Hormone B": {
      "name": "Ka-25T",
      "aircraftId": "USSR-KA-25T-1"
    },
    "An-12B": {
      "name": "An-12B",
      "aircraftId": "USSR-AN-12B-1"
    },
    "An-12B Cub A": {
      "name": "An-12B",
      "aircraftId": "USSR-AN-12B-1"
    },
    "Cub A": {
      "name": "An-12B",
      "aircraftId": "USSR-AN-12B-1"
    },
    "AS-4": {
      "name": "AS-4",
      "aircraftId": "USSR-AS-4-1"
    },
    "AS-4 Kitchen": {
      "name": "AS-4",
      "aircraftId": "USSR-AS-4-1"
    },
    "Kitchen": {
      "name": "AS-4",
      "aircraftId": "USSR-AS-4-1"
    },
    "MiG-21PFM": {
      "name": "MiG-21PFM",
      "aircraftId": "POL-MIG-21PFM-1"
    },
    "MiG-21PFM Fishbed F": {
      "name": "MiG-21PFM",
      "aircraftId": "POL-MIG-21PFM-1"
    },
    "Fishbed F": {
      "name": "MiG-21PFM",
      "aircraftId": "POL-MIG-21PFM-1"
    },
    "MiG-21RF": {
      "name": "MiG-21RF",
      "aircraftId": "POL-MIG-21RF-1"
    },
    "MiG-21RF Fishbed H": {
      "name": "MiG-21RF",
      "aircraftId": "POL-MIG-21RF-1"
    },
    "Fishbed H": {
      "name": "MiG-21RF",
      "aircraftId": "POL-MIG-21RF-1"
    },
    "MiG-21MF Fishbed J": {
      "name": "MiG-21MF",
      "aircraftId": "POL-MIG-21MF-1"
    },
    "Fishbed J": {
      "name": "MiG-21MF",
      "aircraftId": "POL-MIG-21MF-1"
    },
    "MiG-21bis": {
      "name": "MiG-21bis",
      "aircraftId": "POL-MIG-21BIS-1"
    },
    "MiG-21bis Fishbed L": {
      "name": "MiG-21bis",
      "aircraftId": "POL-MIG-21BIS-1"
    },
    "Fishbed L": {
      "name": "MiG-21bis",
      "aircraftId": "POL-MIG-21BIS-1"
    },
    "MiG-23MF Flogger B": {
      "name": "MiG-23MF",
      "aircraftId": "POL-MIG-23MF-1"
    },
    "Flogger B": {
      "name": "MiG-23MF",
      "aircraftId": "POL-MIG-23MF-1"
    },
    "Su-20MK": {
      "name": "Su-20MK",
      "aircraftId": "POL-SU-20MK-1"
    },
    "Su-20MK Fitter C": {
      "name": "Su-20MK",
      "aircraftId": "POL-SU-20MK-1"
    },
    "Fitter C": {
      "name": "Su-20MK",
      "aircraftId": "POL-SU-20MK-1"
    },
    "Su-22M4 Fitter K": {
      "name": "Su-22M4",
      "aircraftId": "POL-SU-22M4-1"
    },
    "Fitter K": {
      "name": "Su-22M4",
      "aircraftId": "POL-SU-22M4-1"
    },
    "Mi-14PL": {
      "name": "Mi-14PL",
      "aircraftId": "POL-MI-14PL-1"
    },
    "Mi-14PL Haze A": {
      "name": "Mi-14PL",
      "aircraftId": "POL-MI-14PL-1"
    },
    "Haze A": {
      "name": "Mi-14PL",
      "aircraftId": "POL-MI-14PL-1"
    }
  }
}
