{
  "_comment": "Baltic Approaches Surface Search Radars",
  "_version": "2.0.0",
  "_created": "2025-11-18",
  "_updated": "2025-11-19",
  "_description": "Surface search radar capabilities for naval strike aircraft. Look up radar data by aircraft name.",
  
  "radars": [
    {
      "aircraft": "A-6E",
      "radar": "APQ-156",
      "col": "C",
      "detect": "LD [20], 16+: -1",
      "arcs": "F"
    },
    {
      "aircraft": "EA-6B",
      "radar": "APQ-130",
      "col": "B",
      "detect": "LD [16], 14+: -1",
      "arcs": "F"
    },
    {
      "aircraft": "A-7E",
      "radar": "APQ-126",
      "col": "C",
      "detect": "LD [18], 15+: -1",
      "arcs": "F"
    },
    {
      "aircraft": "F-16A/C",
      "radar": "APG-66/68",
      "col": "B",
      "detect": "LD [12], 10+: -1",
      "arcs": "F"
    },
    {
      "aircraft": "F/A-18A",
      "radar": "APG-65",
      "col": "B",
      "detect": "LD [20], 16+: -1",
      "arcs": "F/FB"
    },
    {
      "aircraft": "F/A-18A",
      "radar": "APG-65",
      "col": "B",
      "detect": "LD [20], 16+: -1",
      "arcs": "F/FB"
    },
    {
      "aircraft": "F-111D/E",
      "radar": "APG-130",
      "col": "C",
      "detect": "LD [12], 10+: -1",
      "arcs": "F"
    },
    {
      "aircraft": "F-111F",
      "radar": "APQ-144",
      "col": "C",
      "detect": "LD [18], 15+: -1",
      "arcs": "F/FB"
    },
    {
      "aircraft": "S-3A",
      "radar": "APS-116",
      "col": "B",
      "detect": "LD [22], 18+: -1",
      "arcs": "F/FB"
    },
    {
      "aircraft": "P-3C",
      "radar": "APS-115",
      "col": "C",
      "detect": "LD [16], 14+: -1",
      "arcs": "All"
    },
    {
      "aircraft": "Sea Harrier FRS.1",
      "radar": "Blue Fox",
      "col": "C",
      "detect": "LD [16], 14+: -1",
      "arcs": "F"
    },
    {
      "aircraft": "Buccaneer S.2B",
      "radar": "Blue Parrot",
      "col": "D",
      "detect": "LD [16], 14+: -1",
      "arcs": "F"
    },
    {
      "aircraft": "Tornado IDS (Navy)",
      "radar": "TNR",
      "col": "B",
      "detect": "LD [12], 10+: -1",
      "arcs": "F/FB"
    },
    {
      "aircraft": "Tornado.GR1",
      "radar": "TNR",
      "col": "B",
      "detect": "LD [12], 10+: -1",
      "arcs": "F/FB"
    },
    {
      "aircraft": "F-16A",
      "radar": "APG-66",
      "col": "B",
      "detect": "LD [12], 10+: -1",
      "arcs": "F/FB"
    },
    {
      "aircraft": "BR.1150 Atlantic 2",
      "radar": "Iguane",
      "col": "B",
      "detect": "LD [32], 24+: -1",
      "arcs": "All"
    },
    {
      "aircraft": "Mk-41 Sea King",
      "radar": "ARI.5955",
      "col": "C",
      "detect": "LD [8], 6+: -1",
      "arcs": "FB/RB"
    },
    {
      "aircraft": "Nimrod MR.2",
      "radar": "Searchwater",
      "col": "C",
      "detect": "LD [24], 20+: -1",
      "arcs": "All"
    },
    {
      "aircraft": "Lynx HAS.3",
      "radar": "Sea Spray",
      "col": "B",
      "detect": "LD [16], 14+: -1",
      "arcs": "F/FB"
    },
    {
      "aircraft": "AJ-37 Viggen",
      "radar": "PS-37/A",
      "col": "C",
      "detect": "LD [12], 10+: -1",
      "arcs": "F"
    },
    {
      "aircraft": "SH-37 Viggen",
      "radar": "PS-371/A",
      "col": "C",
      "detect": "LD [14], 12+: -1",
      "arcs": "F"
    },
    {
      "aircraft": "Su-24/Su-24M",
      "radar": "Drop Kick",
      "col": "C",
      "detect": "LD [12], 10+: -2",
      "arcs": "F/FB"
    },
    {
      "aircraft": "Mi-14PL",
      "radar": "Short Horn",
      "col": "D",
      "detect": "LD [12], 10+: -2",
      "arcs": "All"
    },
    {
      "aircraft": "Tu-22M2 Backfire B",
      "radar": "Down Beat",
      "col": "C",
      "detect": "LD [30], 24+: -2",
      "arcs": "F/FB"
    },
    {
      "aircraft": "Tu-22RD Blinder C",
      "radar": "Down Beat",
      "col": "D",
      "detect": "LD [30], 24+: -2",
      "arcs": "F/FB"
    },
    {
      "aircraft": "Tu-16K",
      "radar": "Down Beat",
      "col": "D",
      "detect": "LD [30], 24+: -2",
      "arcs": "F/FB"
    },
    {
      "aircraft": "Tu-95RT Bear D",
      "radar": "Big Bulge A",
      "col": "D",
      "detect": "LD [36], 28+: -2",
      "arcs": "All"
    },
    {
      "aircraft": "Ka-25T Hormone B",
      "radar": "Big Bulge B",
      "col": "D",
      "detect": "LD [30], 24+: -2",
      "arcs": "All"
    },
    {
      "aircraft": "IL-38 May",
      "radar": "Wet Eye",
      "col": "C",
      "detect": "LD [16], 14+: -2",
      "arcs": "All"
    }
  ]   
}
