﻿{
    "_created":  "2025-11-21",
    "missiles":  {
                     "Skyflash":  {
                                      "name":  "Skyflash",
                                      "nation":  "UK/SE",
                                      "class":  "RHM",
                                      "stdRtg":  3,
                                      "bvrRtg":  2,
                                      "bvrRanges":  {
                                                        "forward":  {
                                                                        "min":  1,
                                                                        "max":  3
                                                                    },
                                                        "beam":  {
                                                                     "min":  2,
                                                                     "max":  3
                                                                 },
                                                        "rear":  {
                                                                     "min":  2,
                                                                     "max":  3
                                                                 }
                                                    },
                                      "module":  "BA"
                                  },
                     "AIM-4F":  {
                                    "name":  "AIM-4F",
                                    "nation":  "SE",
                                    "class":  "IRM",
                                    "stdRtg":  3,
                                    "bvrRtg":  1,
                                    "bvrRanges":  {
                                                      "forward":  {
                                                                      "min":  1,
                                                                      "max":  1
                                                                  },
                                                      "beam":  null,
                                                      "rear":  {
                                                                   "min":  1,
                                                                   "max":  1
                                                               }
                                                  },
                                    "module":  "BA"
                                },
                     "R-60":  {
                                  "name":  "R-60 (AA-8A)",
                                  "nation":  "USSR/POL",
                                  "class":  "IRM",
                                  "stdRtg":  1,
                                  "bvrRtg":  null,
                                  "bvrRanges":  null,
                                  "module":  "BA"
                              },
                     "AIM-9L":  {
                                    "name":  "AIM-9L",
                                    "nation":  "US/NATO",
                                    "class":  "IRM",
                                    "stdRtg":  3,
                                    "bvrRtg":  1,
                                    "bvrRanges":  {
                                                      "forward":  {
                                                                      "min":  1,
                                                                      "max":  1
                                                                  },
                                                      "beam":  null,
                                                      "rear":  {
                                                                   "min":  1,
                                                                   "max":  1
                                                               }
                                                  },
                                    "module":  "BA"
                                },
                     "R-60M":  {
                                   "name":  "R-60M (AA-8B)",
                                   "nation":  "Soviet",
                                   "class":  "IRM",
                                   "stdRtg":  2,
                                   "bvrRtg":  null,
                                   "bvrRanges":  null,
                                   "module":  "RS"
                               },
                     "AIM-7F":  {
                                    "name":  "AIM-7F",
                                    "nation":  "US",
                                    "class":  "RHM",
                                    "stdRtg":  3,
                                    "bvrRtg":  1,
                                    "bvrRanges":  {
                                                      "forward":  {
                                                                      "min":  1,
                                                                      "max":  9
                                                                  },
                                                      "beam":  {
                                                                   "min":  1,
                                                                   "max":  5
                                                               },
                                                      "rear":  {
                                                                   "min":  1,
                                                                   "max":  2
                                                               }
                                                  },
                                    "module":  "RS"
                                },
                     "R-73":  {
                                  "name":  "R-73 (AA-11)",
                                  "nation":  "Soviet",
                                  "class":  "IRM",
                                  "stdRtg":  3,
                                  "bvrRtg":  null,
                                  "bvrRanges":  null,
                                  "module":  "RS"
                              },
                     "R-23":  {
                                  "name":  "R-23 (AA-7A)",
                                  "nation":  "POL",
                                  "class":  "RHM",
                                  "stdRtg":  2,
                                  "bvrRtg":  -1,
                                  "bvrRanges":  {
                                                    "forward":  {
                                                                    "min":  1,
                                                                    "max":  4
                                                                },
                                                    "beam":  {
                                                                 "min":  1,
                                                                 "max":  2
                                                             },
                                                    "rear":  {
                                                                 "min":  1,
                                                                 "max":  1
                                                             }
                                                },
                                  "module":  "BA"
                              },
                     "AIM-9N":  {
                                    "name":  "AIM-9N",
                                    "nation":  "DK",
                                    "class":  "IRM",
                                    "stdRtg":  3,
                                    "bvrRtg":  1,
                                    "bvrRanges":  {
                                                      "forward":  {
                                                                      "min":  1,
                                                                      "max":  1
                                                                  },
                                                      "beam":  null,
                                                      "rear":  {
                                                                   "min":  1,
                                                                   "max":  1
                                                               }
                                                  },
                                    "module":  "BA"
                                },
                     "R-3R":  {
                                  "name":  "R-3R (AA-2C)",
                                  "nation":  "POL",
                                  "class":  "RHM",
                                  "stdRtg":  0,
                                  "bvrRtg":  -1,
                                  "bvrRanges":  {
                                                    "forward":  {
                                                                    "min":  1,
                                                                    "max":  2
                                                                },
                                                    "beam":  {
                                                                 "min":  1,
                                                                 "max":  1
                                                             },
                                                    "rear":  null
                                                },
                                  "module":  "BA"
                              },
                     "R-27":  {
                                  "name":  "R-27 (AA-10)",
                                  "nation":  "Soviet",
                                  "class":  "RHM",
                                  "stdRtg":  3,
                                  "bvrRtg":  1,
                                  "bvrRanges":  {
                                                    "forward":  {
                                                                    "min":  1,
                                                                    "max":  7
                                                                },
                                                    "beam":  {
                                                                 "min":  1,
                                                                 "max":  4
                                                             },
                                                    "rear":  {
                                                                 "min":  1,
                                                                 "max":  2
                                                             }
                                                },
                                  "module":  "RS"
                              },
                     "R-13M":  {
                                   "name":  "R-13M (AA-2D)",
                                   "nation":  "POL",
                                   "class":  "IRM",
                                   "stdRtg":  0,
                                   "bvrRtg":  null,
                                   "bvrRanges":  null,
                                   "module":  "BA"
                               },
                     "AIM-9J/P":  {
                                      "name":  "AIM-9J/P",
                                      "nation":  "US",
                                      "class":  "IRM",
                                      "stdRtg":  0,
                                      "bvrRtg":  null,
                                      "bvrRanges":  {
                                                        "forward":  {
                                                                        "min":  1,
                                                                        "max":  1
                                                                    },
                                                        "beam":  {
                                                                     "min":  1,
                                                                     "max":  1
                                                                 },
                                                        "rear":  {
                                                                     "min":  1,
                                                                     "max":  1
                                                                 }
                                                    },
                                      "module":  "RS"
                                  },
                     "R-24":  {
                                  "name":  "R-24 (AA-7B)",
                                  "nation":  "Soviet",
                                  "class":  "RHM",
                                  "stdRtg":  2,
                                  "bvrRtg":  0,
                                  "bvrRanges":  {
                                                    "forward":  {
                                                                    "min":  1,
                                                                    "max":  6
                                                                },
                                                    "beam":  {
                                                                 "min":  1,
                                                                 "max":  3
                                                             },
                                                    "rear":  {
                                                                 "min":  1,
                                                                 "max":  1
                                                             }
                                                },
                                  "module":  "RS"
                              },
                     "AIM-7E-2":  {
                                      "name":  "AIM-7E-2",
                                      "nation":  "US",
                                      "class":  "RHM",
                                      "stdRtg":  2,
                                      "bvrRtg":  0,
                                      "bvrRanges":  {
                                                        "forward":  {
                                                                        "min":  1,
                                                                        "max":  5
                                                                    },
                                                        "beam":  {
                                                                     "min":  1,
                                                                     "max":  2
                                                                 },
                                                        "rear":  {
                                                                     "min":  1,
                                                                     "max":  1
                                                                 }
                                                    },
                                      "module":  "RS"
                                  },
                     "AIM-9M":  {
                                    "name":  "AIM-9M",
                                    "nation":  "US",
                                    "class":  "IRM",
                                    "stdRtg":  3,
                                    "bvrRtg":  1,
                                    "bvrRanges":  {
                                                      "forward":  {
                                                                      "min":  1,
                                                                      "max":  2
                                                                  },
                                                      "beam":  null,
                                                      "rear":  {
                                                                   "min":  1,
                                                                   "max":  1
                                                               }
                                                  },
                                    "module":  "BA"
                                },
                     "AIM-9F":  {
                                    "name":  "AIM-9F",
                                    "nation":  "FRG",
                                    "class":  "IRM",
                                    "stdRtg":  1,
                                    "bvrRtg":  null,
                                    "bvrRanges":  {
                                                      "forward":  {
                                                                      "min":  1,
                                                                      "max":  1
                                                                  },
                                                      "beam":  {
                                                                   "min":  1,
                                                                   "max":  1
                                                               },
                                                      "rear":  {
                                                                   "min":  1,
                                                                   "max":  1
                                                               }
                                                  },
                                    "module":  "RS"
                                },
                     "R-40":  {
                                  "name":  "R-40 (AA-6)",
                                  "nation":  "Soviet",
                                  "class":  "RHM",
                                  "stdRtg":  1,
                                  "bvrRtg":  0,
                                  "bvrRanges":  {
                                                    "forward":  {
                                                                    "min":  1,
                                                                    "max":  8
                                                                },
                                                    "beam":  {
                                                                 "min":  1,
                                                                 "max":  4
                                                             },
                                                    "rear":  {
                                                                 "min":  1,
                                                                 "max":  2
                                                             }
                                                },
                                  "module":  "RS"
                              },
                     "AIM-9P":  {
                                    "name":  "AIM-9P",
                                    "nation":  "SE",
                                    "class":  "IRM",
                                    "stdRtg":  2,
                                    "bvrRtg":  1,
                                    "bvrRanges":  {
                                                      "forward":  {
                                                                      "min":  1,
                                                                      "max":  1
                                                                  },
                                                      "beam":  null,
                                                      "rear":  {
                                                                   "min":  1,
                                                                   "max":  1
                                                               }
                                                  },
                                    "module":  "BA"
                                },
                     "AIM-9J":  {
                                    "name":  "AIM-9J",
                                    "nation":  "US",
                                    "class":  "IRM",
                                    "stdRtg":  0,
                                    "bvrRtg":  null,
                                    "bvrRanges":  {
                                                      "forward":  {
                                                                      "min":  1,
                                                                      "max":  1
                                                                  },
                                                      "beam":  {
                                                                   "min":  1,
                                                                   "max":  1
                                                               },
                                                      "rear":  {
                                                                   "min":  1,
                                                                   "max":  1
                                                               }
                                                  },
                                    "module":  "RS"
                                },
                     "AIM-9G":  {
                                    "name":  "AIM-9G",
                                    "nation":  "UK",
                                    "class":  "IRM",
                                    "stdRtg":  1,
                                    "bvrRtg":  null,
                                    "bvrRanges":  {
                                                      "forward":  {
                                                                      "min":  1,
                                                                      "max":  1
                                                                  },
                                                      "beam":  {
                                                                   "min":  1,
                                                                   "max":  1
                                                               },
                                                      "rear":  {
                                                                   "min":  1,
                                                                   "max":  1
                                                               }
                                                  },
                                    "module":  "RS"
                                },
                     "AIM-7M":  {
                                    "name":  "AIM-7M",
                                    "nation":  "US",
                                    "class":  "RHM",
                                    "stdRtg":  3,
                                    "bvrRtg":  2,
                                    "bvrRanges":  {
                                                      "forward":  {
                                                                      "min":  1,
                                                                      "max":  3
                                                                  },
                                                      "beam":  {
                                                                   "min":  2,
                                                                   "max":  3
                                                               },
                                                      "rear":  {
                                                                   "min":  2,
                                                                   "max":  3
                                                               }
                                                  },
                                    "module":  "BA"
                                },
                     "AIM-54C":  {
                                     "name":  "AIM-54C Phoenix",
                                     "nation":  "US",
                                     "class":  "RHM",
                                     "stdRtg":  "+1",
                                     "bvrRtg":  0,
                                     "bvrRanges":  {
                                                       "forward":  {
                                                                       "min":  2,
                                                                       "max":  18
                                                                   },
                                                       "beam":  {
                                                                    "min":  2,
                                                                    "max":  9
                                                                },
                                                       "rear":  {
                                                                    "min":  2,
                                                                    "max":  3
                                                                }
                                                   },
                                     "comment":  "Treat as 27mm for Strafe [17.33]",
                                     "module":  "BA"
                                 }
                 },
    "guns":  {
                 "23mm Gun":  {
                                  "name":  "23mm Gun",
                                  "nation":  "USSR/POL",
                                  "class":  "Gun",
                                  "stdRtg":  2,
                                  "bvrRtg":  null,
                                  "bvrRanges":  null,
                                  "module":  "BA"
                              },
                 "30mm":  {
                              "name":  "30mm",
                              "nation":  "US",
                              "class":  "Gun",
                              "stdRtg":  3,
                              "bvrRtg":  null,
                              "bvrRanges":  null,
                              "module":  "RS"
                          },
                 "30mm Soviet":  {
                                     "name":  "30mm Soviet",
                                     "nation":  "USSR/POL",
                                     "class":  "Gun",
                                     "stdRtg":  3,
                                     "bvrRtg":  null,
                                     "bvrRanges":  null,
                                     "module":  "BA"
                                 },
                 "23mm Pod":  {
                                  "name":  "23mm Pod",
                                  "nation":  "POL",
                                  "class":  "Gun",
                                  "stdRtg":  1,
                                  "bvrRtg":  null,
                                  "bvrRanges":  null,
                                  "comment":  "Roll to determine IRM load for each flight: 1-6 Pod, 7-10 no Pod",
                                  "module":  "BA"
                              },
                 "23mm Gun Pod":  {
                                      "name":  "23mm Gun Pod",
                                      "nation":  "Soviet",
                                      "class":  "Gun",
                                      "stdRtg":  2,
                                      "bvrRtg":  null,
                                      "bvrRanges":  null,
                                      "module":  "RS"
                                  },
                 "30mm Gun":  {
                                  "name":  "30mm Gun",
                                  "nation":  "UK/SE",
                                  "class":  "Gun",
                                  "stdRtg":  4,
                                  "bvrRtg":  null,
                                  "bvrRanges":  null,
                                  "module":  "BA"
                              },
                 "Rear Gun":  {
                                  "name":  "Rear Gun",
                                  "nation":  "Various",
                                  "class":  "Gun",
                                  "stdRtg":  3,
                                  "bvrRtg":  null,
                                  "bvrRanges":  null,
                                  "comment":  "Rear-facing defensive gun",
                                  "module":  "BA"
                              },
                 "20mm M61":  {
                                  "name":  "20mm M61",
                                  "nation":  "US",
                                  "class":  "Gun",
                                  "stdRtg":  3,
                                  "bvrRtg":  null,
                                  "bvrRanges":  null,
                                  "module":  "RS"
                              },
                 "Rear Gun Soviet":  {
                                         "name":  "Rear Gun",
                                         "nation":  "Soviet",
                                         "class":  "Gun",
                                         "stdRtg":  0,
                                         "bvrRtg":  null,
                                         "bvrRanges":  null,
                                         "module":  "RS"
                                     },
                 "25mm Gun":  {
                                  "name":  "25mm Gun",
                                  "nation":  "US",
                                  "class":  "Gun",
                                  "stdRtg":  3,
                                  "bvrRtg":  null,
                                  "bvrRanges":  null,
                                  "module":  "BA"
                              },
                 "SUU-23":  {
                                "name":  "SUU-23",
                                "nation":  "US/UK",
                                "class":  "Gun",
                                "stdRtg":  2,
                                "bvrRtg":  null,
                                "bvrRanges":  null,
                                "comment":  "20mm gun pod",
                                "module":  "RS"
                            },
                 "27mm Gun":  {
                                  "name":  "27mm Gun",
                                  "nation":  "UK/FRG",
                                  "class":  "Gun",
                                  "stdRtg":  3,
                                  "bvrRtg":  null,
                                  "bvrRanges":  null,
                                  "module":  "BA"
                              },
                 "20mm Gun":  {
                                  "name":  "20mm Gun",
                                  "nation":  "US",
                                  "class":  "Gun",
                                  "stdRtg":  3,
                                  "bvrRtg":  null,
                                  "bvrRanges":  null,
                                  "module":  "BA"
                              },
                 "20mm M39":  {
                                  "name":  "20mm M39",
                                  "nation":  "US",
                                  "class":  "Gun",
                                  "stdRtg":  2,
                                  "bvrRtg":  null,
                                  "bvrRanges":  null,
                                  "module":  "RS"
                              },
                 "20mm M39A2":  {
                                    "name":  "20mm M39A2",
                                    "nation":  "BE/CA/NE",
                                    "class":  "Gun",
                                    "stdRtg":  2,
                                    "bvrRtg":  null,
                                    "bvrRanges":  null,
                                    "module":  "RS"
                                },
                 "27mm":  {
                              "name":  "27mm",
                              "nation":  "UK",
                              "class":  "Gun",
                              "stdRtg":  3,
                              "bvrRtg":  null,
                              "bvrRanges":  null,
                              "module":  "RS"
                          },
                 "23mm":  {
                              "name":  "23mm",
                              "nation":  "Soviet",
                              "class":  "Gun",
                              "stdRtg":  2,
                              "bvrRtg":  null,
                              "bvrRanges":  null,
                              "module":  "RS"
                          }
             },
    "_version":  "1.0.0",
    "_description":  "Combined weapons specifications across all modules",
    "_comment":  "Merged Weapons Database - Red Storm + Baltic Approaches",
    "_modules":  [
                     "RS",
                     "BA"
                 ]
}
