﻿{
    "NATO_BA":  {
                    "nations":  [
                                    "UK",
                                    "FRG",
                                    "DK",
                                    "NE"
                                ],
                    "A":  {
                              "description":  "AIM-9 depletion is {6} if tasked with Bombing, SEAD, Recon, or Rescue Support.",
                              "type":  "modifier"
                          },
                    "B":  {
                              "description":  "Large Aircraft [19.22] (see [6.40] for climbing limitations) and Poor SAM Defense [15.32]",
                              "type":  "restriction"
                          },
                    "C":  {
                              "description":  "Use lower bomb point load for Deep Strike and Naval Strike raids.",
                              "type":  "loadoutModification"
                          },
                    "D":  {
                              "description":  "Internal bay. May only carry regular bombs in the bay. Use clean ratings while laden.",
                              "type":  "loadoutModification"
                          },
                    "E":  {
                              "description":  "AN/AVQ-23E Pave Spike designator pod. May laser-designate for [17.69] for other flights.",
                              "type":  "special"
                          },
                    "F":  {
                              "description":  "AIM-9 not allowed if tasked with Bombing, Naval Strike, SEAD, or Rescue Support.",
                              "type":  "restriction"
                          },
                    "G":  {
                              "description":  "Multirole aircraft [8.37].",
                              "type":  "special"
                          },
                    "H":  {
                              "description":  "No AIM-9 if tasked with Bombing or SEAD.",
                              "type":  "restriction"
                          },
                    "I":  {
                              "description":  "Zoom Climb [6.33] not allowed.",
                              "type":  "restriction"
                          },
                    "J":  {
                              "description":  "May do Max Turns as Free Turns [6.32].",
                              "type":  "maneuver"
                          },
                    "K":  {
                              "description":  "May enter Defensive Wheel formation [7.1].",
                              "type":  "formation"
                          },
                    "module":  "BA"
                },
    "BE/CA/NE":  {
                     "A":  {
                               "description":  "AIM-9 depletion number is {6} if tasked with Bombing or SEAD",
                               "type":  "weaponModification",
                               "conditions":  {
                                                  "tasking":  [
                                                                  "Bombing",
                                                                  "SEAD"
                                                              ]
                                              },
                               "effects":  {
                                               "aamDepletion":  6
                                           }
                           },
                     "B":  {
                               "description":  "May substitute Rocket Pods [17.63] for bombs",
                               "type":  "loadoutOption"
                           },
                     "C":  {
                               "description":  "Use lower bomb point load for Deep Strike Raids",
                               "type":  "loadoutModification",
                               "conditions":  {
                                                  "tasking":  [
                                                                  "Deep Strike"
                                                              ]
                                              },
                               "effects":  {
                                               "bombLoadModifier":  "lower"
                                           }
                           },
                     "D":  {
                               "description":  "No AIM-9 if tasked with Bombing",
                               "type":  "weaponRestriction",
                               "conditions":  {
                                                  "tasking":  [
                                                                  "Bombing"
                                                              ]
                                              },
                               "effects":  {
                                               "removeWeapon":  "AIM-9"
                                           }
                           },
                     "E":  {
                               "description":  "Multirole aircraft [8.37]",
                               "type":  "special"
                           },
                     "module":  "RS"
                 },
    "UK":  {
               "A":  {
                         "description":  "AIM-9 not allowed if tasked with Bombing, SEAD, or Rescue Support",
                         "type":  "weaponRestriction",
                         "conditions":  {
                                            "tasking":  [
                                                            "Bombing",
                                                            "SEAD",
                                                            "Rescue Support"
                                                        ]
                                        },
                         "effects":  {
                                         "removeWeapon":  "AIM-9"
                                     }
                     },
               "B":  {
                         "description":  "May substitute Rocket Pods for bombs",
                         "type":  "loadoutOption"
                     },
               "C":  {
                         "description":  "Internal bay. May only carry regular bombs in bay. Use clean ratings while laden",
                         "type":  "loadoutRestriction"
                     },
               "D":  {
                         "description":  "ADEN 30mm Gun. Roll for each flight: 1-3 Normal, 4-7 Reduce to {2}, 8+ -2",
                         "type":  "weaponVariant",
                         "effects":  {
                                         "gunDepletionRoll":  [
                                                                  {
                                                                      "range":  [
                                                                                    1,
                                                                                    3
                                                                                ],
                                                                      "effect":  "normal"
                                                                  },
                                                                  {
                                                                      "range":  [
                                                                                    4,
                                                                                    7
                                                                                ],
                                                                      "depletion":  2
                                                                  },
                                                                  {
                                                                      "range":  [
                                                                                    8,
                                                                                    10
                                                                                ],
                                                                      "modifier":  -2
                                                                  }
                                                              ]
                                     }
                     },
               "E":  {
                         "description":  "May do Max Turns as Free Turns [6.32]",
                         "type":  "maneuver"
                     },
               "F":  {
                         "description":  "LGB only allowed using laser designation [17.68] by another flight",
                         "type":  "loadoutRestriction"
                     },
               "G":  {
                         "description":  "May Spot Jam [19.34] one radar",
                         "type":  "special"
                     },
               "H":  {
                         "description":  "Use lower bomb point load for Deep Strike Raids",
                         "type":  "loadoutModification",
                         "conditions":  {
                                            "tasking":  [
                                                            "Deep Strike"
                                                        ]
                                        },
                         "effects":  {
                                         "bombLoadModifier":  "lower"
                                     }
                     },
               "I":  {
                         "description":  "May enter Defensive Wheel formation [7.1]",
                         "type":  "formation"
                     },
               "J":  {
                         "description":  "AN/AWQ-23E Pave Spike Pod. May laser designate [17.69] for other flights",
                         "type":  "special"
                     },
               "K":  {
                         "description":  "May only do photo recon runs [24.1] at Deck altitude. Side Looking Camera [24.1] not allowed",
                         "type":  "restriction"
                     },
               "L":  {
                         "description":  "Inertial navigation/attack system. May use Toss Bombing [17.34] profile without Radar capability",
                         "type":  "special"
                     },
               "M":  {
                         "description":  "Roll to determine radar capability for each flight: 1-3 Normal, 4-7 Reduce to {2}, 8+ -2",
                         "type":  "capabilityVariant",
                         "effects":  {
                                         "radarRoll":  [
                                                           {
                                                               "range":  [
                                                                             1,
                                                                             3
                                                                         ],
                                                               "effect":  "normal"
                                                           },
                                                           {
                                                               "range":  [
                                                                             4,
                                                                             7
                                                                         ],
                                                               "reduction":  2
                                                           },
                                                           {
                                                               "range":  [
                                                                             8,
                                                                             10
                                                                         ],
                                                               "modifier":  -2
                                                           }
                                                       ]
                                     }
                     },
               "N":  {
                         "description":  "If tasked with Recon, no AIM-9",
                         "type":  "weaponRestriction",
                         "conditions":  {
                                            "tasking":  [
                                                            "Recon"
                                                        ]
                                        },
                         "effects":  {
                                         "removeWeapon":  "AIM-9"
                                     }
                     },
               "O":  {
                         "description":  "Zoom Climb [6.33] not allowed",
                         "type":  "restriction"
                     },
               "module":  "RS"
           },
    "_created":  "2025-11-21",
    "USSR_RS":  {
                 "A":  {
                           "description":  "No IRM/R-27 if tasked with Bombing, SEAD, Rescue Support, or Chaff Laying",
                           "type":  "weaponRestriction",
                           "conditions":  {
                                              "tasking":  [
                                                              "Bombing",
                                                              "SEAD",
                                                              "Rescue Support",
                                                              "Chaff Laying"
                                                          ]
                                          },
                           "effects":  {
                                           "removeWeapon":  "IRM"
                                       }
                       },
                 "B":  {
                           "description":  "If tasked with Bombing or SEAD, Jam rating is 2h",
                           "type":  "capabilityModification",
                           "conditions":  {
                                              "tasking":  [
                                                              "Bombing",
                                                              "SEAD"
                                                          ]
                                          },
                           "effects":  {
                                           "jamRating":  "2h"
                                       }
                       },
                 "C":  {
                           "description":  "Soviet Doctrine rule [11.32] does not apply",
                           "type":  "special"
                       },
                 "D":  {
                           "description":  "Roll to determine IRM load for each flight. 1-4 R-60, 5-10 R-60M",
                           "type":  "weaponVariant",
                           "effects":  {
                                           "irmVariants":  [
                                                               {
                                                                   "range":  [
                                                                                 1,
                                                                                 4
                                                                             ],
                                                                   "weapon":  "R-60"
                                                               },
                                                               {
                                                                   "range":  [
                                                                                 5,
                                                                                 10
                                                                             ],
                                                                   "weapon":  "R-60M"
                                                               }
                                                           ]
                                       }
                       },
                 "E":  {
                           "description":  "Internal Chaff Dispenser. May carry Chaff [17.68] and use clean ratings",
                           "type":  "special"
                       },
                 "F":  {
                           "description":  "May enter Defensive Wheel formation [7.1]",
                           "type":  "formation"
                       },
                 "G":  {
                           "description":  "May carry AS-6(2) or Kh-28(2), not both",
                           "type":  "loadoutOption",
                           "effects":  {
                                           "armOptions":  [
                                                              "AS-6",
                                                              "Kh-28"
                                                          ],
                                           "mutuallyExclusive":  true
                                       }
                       },
                 "H":  {
                           "description":  "Roll to determine IRM load for each flight. 1-5 R-60M, 6-10 R-73",
                           "type":  "weaponVariant",
                           "effects":  {
                                           "irmVariants":  [
                                                               {
                                                                   "range":  [
                                                                                 1,
                                                                                 5
                                                                             ],
                                                                   "weapon":  "R-60M"
                                                               },
                                                               {
                                                                   "range":  [
                                                                                 6,
                                                                                 10
                                                                             ],
                                                                   "weapon":  "R-73"
                                                               }
                                                           ]
                                       }
                       },
                 "I":  {
                           "description":  "Use lower bomb point load for Deep Strike Raids",
                           "type":  "loadoutModification",
                           "conditions":  {
                                              "tasking":  [
                                                              "Deep Strike"
                                                          ]
                                          },
                           "effects":  {
                                           "bombLoadModifier":  "lower"
                                       }
                       },
                 "J":  {
                           "description":  "May Spot Jam [19.34] two radars at same time",
                           "type":  "special"
                       },
                 "K":  {
                           "description":  "May Spot Jam [19.34] one radar",
                           "type":  "special"
                       },
                 "L":  {
                           "description":  "Large Aircraft [19.22] (see [6.40] for climbing limitations) and Poor SAM Defense [15.32]. May not carry CBU or Anti-Runway ordnance",
                           "type":  "special"
                       },
                 "M":  {
                           "description":  "Synthetic Aperture Radar (SAR) recon capability [24.2]",
                           "type":  "special"
                       },
                 "N":  {
                           "description":  "Kh-25MP, Kh-28M, or Kh-58 only allowed if tasked with SEAD",
                           "type":  "weaponRestriction",
                           "conditions":  {
                                              "tasking":  [
                                                              "!SEAD"
                                                          ]
                                          },
                           "effects":  {
                                           "removeWeapons":  [
                                                                 "Kh-25MP",
                                                                 "Kh-28M",
                                                                 "Kh-58"
                                                             ]
                                       }
                       },
                 "O":  {
                           "description":  "May only place Standoff or Spot Jamming markers if tasked with Escort Jamming [19.32]",
                           "type":  "restriction"
                       },
                 "P":  {
                           "description":  "Bomb load NA if tasked with Recon",
                           "type":  "weaponRestriction",
                           "conditions":  {
                                              "tasking":  [
                                                              "Recon"
                                                          ]
                                          },
                           "effects":  {
                                           "removeWeapon":  "Bombs"
                                       }
                       },
                 "Q":  {
                           "description":  "Multirole aircraft [8.37]",
                           "type":  "special"
                       },
                 "R":  {
                           "description":  "May carry Chaff [17.68] (Chaff Laying or Escort Jamming [19.32])",
                           "type":  "special"
                       },
                 "S":  {
                           "description":  "May swap regular bombs for KMGU [17.68]",
                           "type":  "loadoutOption"
                       },
                 "T":  {
                           "description":  "May only place Standoff Jamming arc in forward or rear arcs, not beam arcs",
                           "type":  "restriction"
                       },
                 "U":  {
                           "description":  "No R-27 if tasked with Bombing, SEAD, or Rescue Support",
                           "type":  "weaponRestriction",
                           "conditions":  {
                                              "tasking":  [
                                                              "Bombing",
                                                              "SEAD",
                                                              "Rescue Support"
                                                          ]
                                          },
                           "effects":  {
                                           "removeWeapon":  "R-27"
                                       }
                       },
                 "V":  {
                           "description":  "May swap regular bombs for BETAB-500 Anti-Runway Bombs [17.04]",
                           "type":  "loadoutOption"
                       },
                 "W":  {
                           "description":  "Zoom Climb [6.33] not allowed",
                           "type":  "restriction"
                       },
                 "module":  "RS"
             },
    "USAF":  {
                 "A":  {
                           "description":  "AIM-9 and/or AIM-7 depletions are (6) if tasked with Bombing or SEAD",
                           "type":  "weaponModification",
                           "conditions":  {
                                              "tasking":  [
                                                              "Bombing",
                                                              "SEAD"
                                                          ]
                                          },
                           "effects":  {
                                           "aamDepletion":  6
                                       }
                       },
                 "B":  {
                           "description":  "Automatic BVR engagement success. May attempt to engage two different enemy flights in BVR combat [11.44] in same Movement Phase",
                           "type":  "special"
                       },
                 "C":  {
                           "description":  "Use lower bomb point load for Deep Strike Raids",
                           "type":  "loadoutModification",
                           "conditions":  {
                                              "tasking":  [
                                                              "Deep Strike"
                                                          ]
                                          },
                           "effects":  {
                                           "bombLoadModifier":  "lower"
                                       }
                       },
                 "D":  {
                           "description":  "AN/ASX-1 TISEO sensor. Automatic visual ID at end of Detection Phase of one detected enemy flight in forward arc, line of sight, and same altitude at 1-8 hex range",
                           "type":  "special"
                       },
                 "E":  {
                           "description":  "Large Aircraft [19.22] (see [6.40] for climbing limitations) and Poor SAM Defense [15.32]",
                           "type":  "special"
                       },
                 "F":  {
                           "description":  "May Spot Jam [19.34] two radars at the same time",
                           "type":  "special"
                       },
                 "G":  {
                           "description":  "May enter Defensive Wheel formation [7.1]",
                           "type":  "formation"
                       },
                 "H":  {
                           "description":  "Only load allowed is LGB(1). Internal bomb bay, use clean ratings while laden",
                           "type":  "loadoutRestriction"
                       },
                 "I":  {
                           "description":  "GBU-15(V)B glide bomb. May use EOGB day or night",
                           "type":  "weaponCapability"
                       },
                 "J":  {
                           "description":  "Roll to determine AIM-9 model for each flight: 1-4 AIM-9L, 5+ AIM-9M. Roll to determine AIM-7 model for each flight: 1-6 AIM-7F, 7+ AIM-7M",
                           "type":  "weaponVariant",
                           "effects":  {
                                           "aim9Variants":  [
                                                                {
                                                                    "range":  [
                                                                                  1,
                                                                                  4
                                                                              ],
                                                                    "weapon":  "AIM-9L"
                                                                },
                                                                {
                                                                    "range":  [
                                                                                  5,
                                                                                  10
                                                                              ],
                                                                    "weapon":  "AIM-9M"
                                                                }
                                                            ],
                                           "aim7Variants":  [
                                                                {
                                                                    "range":  [
                                                                                  1,
                                                                                  6
                                                                              ],
                                                                    "weapon":  "AIM-7F"
                                                                },
                                                                {
                                                                    "range":  [
                                                                                  7,
                                                                                  10
                                                                              ],
                                                                    "weapon":  "AIM-7M"
                                                                }
                                                            ]
                                       }
                       },
                 "K":  {
                           "description":  "Synthetic Aperture Radar (SAR) recon capability [24.2]",
                           "type":  "special"
                       },
                 "L":  {
                           "description":  "May carry Shrike or HARM, not both. If loaded with Shrikes, aircraft may still carry a normal bomb point load as well",
                           "type":  "loadoutOption",
                           "effects":  {
                                           "armOptions":  [
                                                              "Shrike",
                                                              "HARM"
                                                          ],
                                           "shrikeAllowsBombs":  true
                                       }
                       },
                 "M":  {
                           "description":  "AGM-65D Maverick IR Missile. May use EOGM day or night",
                           "type":  "weaponCapability"
                       },
                 "N":  {
                           "description":  "Only Level Bombing and Radar Bombing profiles allowed",
                           "type":  "restriction"
                       },
                 "O":  {
                           "description":  "Non-Cooperative Target Recognition. Automatic visual ID at end of Detection Phase of one detected enemy flight in forward arc, same altitude, and 1-16 hex range",
                           "type":  "special"
                       },
                 "P":  {
                           "description":  "Multirole aircraft [8.37]",
                           "type":  "special"
                       },
                 "Q":  {
                           "description":  "Zoom Climb [6.33] not allowed",
                           "type":  "restriction"
                       },
                 "R":  {
                           "description":  "Laser Spot Tracker. LGB only allowed vs targets within 2 hexes of NATO Armor or Mech unit",
                           "type":  "loadoutRestriction"
                       },
                 "S":  {
                           "description":  "SUU-23 Gun Pod. Roll for each flight: 1-5 add 20mm (4), 6+ no effect",
                           "type":  "weaponVariant",
                           "effects":  {
                                           "gunPodRoll":  [
                                                              {
                                                                  "range":  [
                                                                                1,
                                                                                5
                                                                            ],
                                                                  "weapon":  "20mm",
                                                                  "depletion":  4
                                                              },
                                                              {
                                                                  "range":  [
                                                                                6,
                                                                                10
                                                                            ],
                                                                  "effect":  "none"
                                                              }
                                                          ]
                                       }
                       },
                 "module":  "RS"
             },
    "GDR":  {
                "A":  {
                          "description":  "No IRM / RHM if tasked with Bombing, SEAD, or Chaff Laying",
                          "type":  "weaponRestriction",
                          "conditions":  {
                                             "tasking":  [
                                                             "Bombing",
                                                             "SEAD",
                                                             "Chaff Laying"
                                                         ]
                                         },
                          "effects":  {
                                          "removeWeapons":  [
                                                                "IRM",
                                                                "RHM"
                                                            ]
                                      }
                      },
                "B":  {
                          "description":  "May swap regular bombs for KMGU [17.66]",
                          "type":  "loadoutOption"
                      },
                "C":  {
                          "description":  "Roll to determine IRM load for each flight: 1-5 R-60, 6-10 R-60M",
                          "type":  "weaponVariant",
                          "effects":  {
                                          "irmVariants":  [
                                                              {
                                                                  "range":  [
                                                                                1,
                                                                                5
                                                                            ],
                                                                  "weapon":  "R-60"
                                                              },
                                                              {
                                                                  "range":  [
                                                                                6,
                                                                                10
                                                                            ],
                                                                  "weapon":  "R-60M"
                                                              }
                                                          ]
                                      }
                      },
                "D":  {
                          "description":  "Use lower bomb point load for Deep Strike Raids",
                          "type":  "loadoutModification",
                          "conditions":  {
                                             "tasking":  [
                                                             "Deep Strike"
                                                         ]
                                         },
                          "effects":  {
                                          "bombLoadModifier":  "lower"
                                      }
                      },
                "E":  {
                          "description":  "Only Bombs, AT CBU, or Rockets allowed",
                          "type":  "weaponRestriction",
                          "effects":  {
                                          "allowedWeapons":  [
                                                                 "Bombs",
                                                                 "AT CBU",
                                                                 "Rockets"
                                                             ]
                                      }
                      },
                "F":  {
                          "description":  "Roll for 23mm Gun {4} Pod for each flight: 1-6 Pod, 7-10 No Pod",
                          "type":  "weaponVariant",
                          "effects":  {
                                          "gunPodRoll":  [
                                                             {
                                                                 "range":  [
                                                                               1,
                                                                               6
                                                                           ],
                                                                 "weapon":  "23mm",
                                                                 "depletion":  4
                                                             },
                                                             {
                                                                 "range":  [
                                                                               7,
                                                                               10
                                                                           ],
                                                                 "effect":  "none"
                                                             }
                                                         ]
                                      }
                      },
                "G":  {
                          "description":  "May enter Defensive Wheel formation [7.1]",
                          "type":  "formation"
                      },
                "H":  {
                          "description":  "May carry Chaff [17.68] if tasked with Chaff Laying",
                          "type":  "special"
                      },
                "I":  {
                          "description":  "If tasked with Bombing or SEAD, Jam rating is 2n",
                          "type":  "capabilityModification",
                          "conditions":  {
                                             "tasking":  [
                                                             "Bombing",
                                                             "SEAD"
                                                         ]
                                         },
                          "effects":  {
                                          "jamRating":  "2n"
                                      }
                      },
                "J":  {
                          "description":  "Multirole aircraft [8.37]",
                          "type":  "special"
                      },
                "module":  "RS"
            },
    "_version":  "1.0.0",
    "FRG":  {
                "A":  {
                          "description":  "AIM-9 depletion is {6} if tasked with Bombing, SEAD, or Rescue Support",
                          "type":  "weaponModification",
                          "conditions":  {
                                             "tasking":  [
                                                             "Bombing",
                                                             "SEAD",
                                                             "Rescue Support"
                                                         ]
                                         },
                          "effects":  {
                                          "aamDepletion":  6
                                      }
                      },
                "B":  {
                          "description":  "May substitute Rocket Pods [17.63] for bombs",
                          "type":  "loadoutOption"
                      },
                "C":  {
                          "description":  "May enter Defensive Wheel formation [7.1]",
                          "type":  "formation"
                      },
                "D":  {
                          "description":  "May Spot Jam [19.34] one radar",
                          "type":  "special"
                      },
                "E":  {
                          "description":  "Use lower bomb point load for Deep Strike Raids",
                          "type":  "loadoutModification",
                          "conditions":  {
                                             "tasking":  [
                                                             "Deep Strike"
                                                         ]
                                         },
                          "effects":  {
                                          "bombLoadModifier":  "lower"
                                      }
                      },
                "F":  {
                          "description":  "Synthetic Aperture Radar (SAR) recon capability [24.2]",
                          "type":  "special"
                      },
                "G":  {
                          "description":  "AIM-9 not allowed if tasked with Bombing, SEAD, or Rescue Support",
                          "type":  "weaponRestriction",
                          "conditions":  {
                                             "tasking":  [
                                                             "Bombing",
                                                             "SEAD",
                                                             "Rescue Support"
                                                         ]
                                         },
                          "effects":  {
                                          "removeWeapon":  "AIM-9"
                                      }
                      },
                "H":  {
                          "description":  "Multirole aircraft [8.37]",
                          "type":  "special"
                      },
                "I":  {
                          "description":  "Zoom Climb [6.33] not allowed",
                          "type":  "restriction"
                      },
                "module":  "RS"
            },
    "NATO":  {
                "A":  {
                          "description":  "AIM-9 depletion is {6} if tasked with Bombing, SEAD, Recon, or Rescue Support.",
                          "type":  "restriction"
                      },
                "B":  {
                          "description":  "Large Aircraft [19.22] (see [6.40] for climbing limitations) and Poor SAM Defense [15.32].",
                          "type":  "special"
                      },
                "C":  {
                          "description":  "Use lower bomb point load for Deep Strike and Naval Strike raids.",
                          "type":  "restriction"
                      },
                "D":  {
                          "description":  "Internal bay. May only carry regular bombs in the bay. Use clean ratings while laden.",
                          "type":  "special"
                      },
                "E":  {
                          "description":  "AN/AVQ-23E Pave Spke Pod. May laser designate [17.69] for other flights.",
                          "type":  "special"
                      },
                "F":  {
                          "description":  "AIM-9 not allowed if tasked with Bombing, Naval Strike, SEAD, or Rescue Support.",
                          "type":  "restriction"
                      },
                "G":  {
                          "description":  "Multirole aircraft [8.37].",
                          "type":  "special"
                      },
                "H":  {
                          "description":  "No AIM-9 if tasked with Bombing or SEAD.",
                          "type":  "restriction"
                      },
                "I":  {
                          "description":  "Zoom Climb [6.33] not allowed.",
                          "type":  "restriction"
                      },
                "J":  {
                          "description":  "May do Max Turns as Free Turns [6.32].",
                          "type":  "special"
                      },
                "K":  {
                          "description":  "May enter Defensive Wheel formation [7.1].",
                          "type":  "special"
                      },
                "module":  "BA"
            },
    "USN/USMC":  {
                "A":  {
                          "description":  "Use lower bomb point load for Deep Strike and Naval Strike raids.",
                          "type":  "restriction"
                      },
                "B":  {
                          "description":  "May Spot Jam [19.34] two radars at the same time.",
                          "type":  "special"
                      },
                "C":  {
                          "description":  "May enter Defensive Wheel formation [7.1].",
                          "type":  "special"
                      },
                "D":  {
                          "description":  "If tasked with Escort Jamming [8.341] may carry HARMs [17.54] and attack naval or land radar targets.",
                          "type":  "special"
                      },
                "E":  {
                          "description":  "Multirole aircraft [8.37].",
                          "type":  "special"
                      },
                "F":  {
                          "description":  "Zoom Climb [6.33] not allowed.",
                          "type":  "restriction"
                      },
                "G":  {
                          "description":  "May do Max Turns as Free Turns [6.32].",
                          "type":  "special"
                      },
                "H":  {
                          "description":  "AIM-7 depletion is {6} if tasked with Bombing, SEAD, Recon, or Rescue Support.",
                          "type":  "restriction"
                      },
                "I":  {
                          "description":  "Flights may carry AIM-7 and AIM-54 RHM at the same time.",
                          "type":  "special"
                      },
                "J":  {
                          "description":  "If tasked with Maritime Patrol, may carry Harpoon and attack naval targets.",
                          "type":  "special"
                      },
                "K":  {
                          "description":  "If tasked with Recon, missile load is AIM-9L {6}, AIM-7M {6}.",
                          "type":  "restriction"
                      },
                "L":  {
                          "description":  "AAX-1 sensor: Automatic visual ID at end of Detection Phase of one detected enemy flight in forward arc, line of sight, and same altitude at 1-8 hex range. Day only.",
                          "type":  "special"
                      },
                "M":  {
                          "description":  "Large Aircraft [19.22] (see [6.40] for climbing limitations) and Poor SAM Defense [15.32]",
                          "type":  "special"
                      },
                "module":  "BA"
            },
    "USSR_BA":  {
                "A":  {
                          "description":  "Large Aircraft [19.22] (see [6.40] for climbing limitations) and Poor SAM Defense [15.32]. May not carry Rockets, CBU, AT CBU, or Anti-Runway ordnance.",
                          "type":  "special"
                      },
                "B":  {
                          "description":  "Use lower bomb point load for Deep Strike and Naval Strike Raids.",
                          "type":  "restriction"
                      },
                "C":  {
                          "description":  "SSM Missile data relay [35.94], maximum ranges: Deck 8 Hexes, Low+: 36 Hexes.",
                          "type":  "special"
                      },
                "D":  {
                          "description":  "SSM Missile data relay [35.94], maximum ranges: Deck 8 Hexes, Low+: 24 Hexes.",
                          "type":  "special"
                      },
                "E":  {
                          "description":  "May enter Defensive Wheel formation [7.1].",
                          "type":  "special"
                      },
                "F":  {
                          "description":  "Kh-25/AP only allowed if tasked with SEAD. May swap regular bombs for KMGU [17.66].",
                          "type":  "special"
                      },
                "G":  {
                          "description":  "Zoom Climb [6.33] not allowed.",
                          "type":  "restriction"
                      },
                "H":  {
                          "description":  "Semi-conformal center station. May load AS-4(1) instead of AS-4(2) and use clean ratings.",
                          "type":  "special"
                      },
                "module":  "BA"
            },
    "POL":  {
                "A":  {
                          "description":  "No IRM / RHM if tasked with Bombing/SEAD/Chaff Laying.",
                          "type":  "restriction"
                      },
                "B":  {
                          "description":  "Roll to determine IRM load for each flight: 1-5 R-13M, 6-10 R-60.",
                          "type":  "special"
                      },
                "C":  {
                          "description":  "Use lower bomb point load for Deep Strike and Naval Strike raids.",
                          "type":  "restriction"
                      },
                "D":  {
                          "description":  "May carry Chaff [17.68] if tasked with Chaff Laying.",
                          "type":  "special"
                      },
                "E":  {
                          "description":  "Only Bombs, AT CBU, or Rocket Pods allowed.",
                          "type":  "restriction"
                      },
                "F":  {
                          "description":  "Roll for 23mm Gun {4} Pod for each flight: 1-6 Pod, 7-10 No Pod.",
                          "type":  "special"
                      },
                "G":  {
                          "description":  "May enter Defensive Wheel formation [7.1].",
                          "type":  "special"
                      },
                "H":  {
                          "description":  "SSM missile data relay [35.94], max range at Deck: 8 hexes, Low+: 25 hexes.",
                          "type":  "special"
                      },
                "I":  {
                          "description":  "Short Horn surface search radar. Stats: Column D / LD [12], 10+: -2, all arcs.",
                          "type":  "special"
                      },
                "J":  {
                          "description":  "Multirole aircraft [8.37].",
                          "type":  "special"
                      },
                "K":  {
                          "description":  "May swap regular bombs for KMGU [17.66].",
                          "type":  "special"
                      },
                "module":  "BA"
            },
    "SE":  {
                "A":  {
                          "description":  "No AIM-4 or AIM-9 if tasked with Bombing or SEAD.",
                          "type":  "restriction"
                      },
                "B":  {
                          "description":  "Only ordnance allowed are Rocket Pods [17.63].",
                          "type":  "restriction"
                      },
                "C":  {
                          "description":  "AIM-9 Depletion {6} and no RHM if tasked with Bombing.",
                          "type":  "restriction"
                      },
                "D":  {
                          "description":  "Multirole aircraft [8.37].",
                          "type":  "special"
                      },
                "E":  {
                          "description":  "Roll to determine AIM-9 for each flight: 1-6 AIM-9P, 7-10 AIM-9L.",
                          "type":  "special"
                      },
                "F":  {
                          "description":  "May Spot Jam [19.34] one radar.",
                          "type":  "special"
                      },
                "G":  {
                          "description":  "May only place Standoff Jamming arc in forward or rear arcs, not beams.",
                          "type":  "restriction"
                      },
                "H":  {
                          "description":  "No AT or AP CBU [17.61] allowed regardless of task.",
                          "type":  "restriction"
                      },
                "module":  "BA"
            },
    "_comment":  "Merged Aircraft Note Rules - Red Storm + Baltic Approaches",
    "_modules":  [
                     "RS",
                     "BA"
                 ]
}
